time,value
2026-09-12T00:54:26.881Z,"{""lat"":-37.63469751503885,""lon"":145.06517585711686}"
2026-09-12T00:54:26.913Z,"{""lat"":-37.63469751503885,""lon"":145.06517585711686}"
2026-09-12T00:54:27.881Z,"{""lat"":-37.63471705225753,""lon"":145.0651942879674}"
2026-09-12T00:54:27.934Z,"{""lat"":-37.63471705225753,""lon"":145.0651942879674}"
2026-09-12T00:54:28.897Z,"{""lat"":-37.63473811716933,""lon"":145.06523745238968}"
2026-09-12T00:54:28.949Z,"{""lat"":-37.63473811716933,""lon"":145.06523745238968}"
2026-09-12T00:54:29.914Z,"{""lat"":-37.63477212027831,""lon"":145.06518224585108}"
2026-09-12T00:54:29.963Z,"{""lat"":-37.63477212027831,""lon"":145.06518224585108}"
2026-09-12T00:54:30.913Z,"{""lat"":-37.63476864805472,""lon"":145.0651804840995}"
2026-09-12T00:54:30.964Z,"{""lat"":-37.63476864805472,""lon"":145.0651804840995}"
2026-09-12T00:54:31.93Z,"{""lat"":-37.634774060336355,""lon"":145.065182032063}"
2026-09-12T00:54:31.982Z,"{""lat"":-37.634774060336355,""lon"":145.065182032063}"
2026-09-12T00:54:33.022Z,"{""lat"":-37.63477644354722,""lon"":145.06518653659043}"
2026-09-12T00:54:33.032Z,"{""lat"":-37.63477644354722,""lon"":145.06518653659043}"
2026-09-12T00:54:33.946Z,"{""lat"":-37.63477551197253,""lon"":145.06518713833836}"
2026-09-12T00:54:34.007Z,"{""lat"":-37.63477551197253,""lon"":145.06518713833836}"
2026-09-12T00:54:34.951Z,"{""lat"":-37.63477276221631,""lon"":145.06518864599775}"
2026-09-12T00:54:35.001Z,"{""lat"":-37.63477276221631,""lon"":145.06518864599775}"
2026-09-12T00:54:36.213Z,"{""lat"":-37.63476849378126,""lon"":145.06519457276414}"
2026-09-12T00:54:36.214Z,"{""lat"":-37.63476849378126,""lon"":145.06519457276414}"
2026-09-12T00:54:37.214Z,"{""lat"":-37.63476600624369,""lon"":145.065193919193}"
2026-09-12T00:54:37.216Z,"{""lat"":-37.63476600624369,""lon"":145.065193919193}"
2026-09-12T00:54:38.215Z,"{""lat"":-37.63476096672732,""lon"":145.065191969642}"
2026-09-12T00:54:38.217Z,"{""lat"":-37.63476096672732,""lon"":145.065191969642}"
2026-09-12T00:54:39.216Z,"{""lat"":-37.634758849496244,""lon"":145.06519130365936}"
2026-09-12T00:54:39.217Z,"{""lat"":-37.634758849496244,""lon"":145.06519130365936}"
2026-09-12T00:54:40.228Z,"{""lat"":-37.634758148128675,""lon"":145.0651935064505}"
2026-09-12T00:54:40.229Z,"{""lat"":-37.634758148128675,""lon"":145.0651935064505}"
2026-09-12T00:54:41.226Z,"{""lat"":-37.63475751129067,""lon"":145.0651965127492}"
2026-09-12T00:54:41.227Z,"{""lat"":-37.63475751129067,""lon"":145.0651965127492}"
2026-09-12T00:54:42.234Z,"{""lat"":-37.634758650744736,""lon"":145.0652035416891}"
2026-09-12T00:54:42.241Z,"{""lat"":-37.634758650744736,""lon"":145.0652035416891}"
2026-09-12T00:54:43.243Z,"{""lat"":-37.634755258825734,""lon"":145.06520226168954}"
2026-09-12T00:54:43.245Z,"{""lat"":-37.634755258825734,""lon"":145.06520226168954}"
2026-09-12T00:54:44.253Z,"{""lat"":-37.63475753261671,""lon"":145.06520460945427}"
2026-09-12T00:54:45.253Z,"{""lat"":-37.63475769444272,""lon"":145.0652065059917}"
2026-09-12T00:54:45.254Z,"{""lat"":-37.63475769444272,""lon"":145.0652065059917}"
2026-09-12T00:54:46.261Z,"{""lat"":-37.634760189275866,""lon"":145.0652053996857}"
2026-09-12T00:54:46.262Z,"{""lat"":-37.634760189275866,""lon"":145.0652053996857}"
2026-09-12T00:54:47.27Z,"{""lat"":-37.634759709155354,""lon"":145.06520786441283}"
2026-09-12T00:54:47.272Z,"{""lat"":-37.634759709155354,""lon"":145.06520786441283}"
2026-09-12T00:54:48.272Z,"{""lat"":-37.634759160422725,""lon"":145.06520604276346}"
2026-09-12T00:54:49.279Z,"{""lat"":-37.63475790928464,""lon"":145.06520426797383}"
2026-09-12T00:54:49.28Z,"{""lat"":-37.63475790928464,""lon"":145.06520426797383}"
2026-09-12T00:54:50.28Z,"{""lat"":-37.63475790928464,""lon"":145.06520426797383}"
2026-09-12T00:54:50.281Z,"{""lat"":-37.63475790928464,""lon"":145.06520426797383}"
2026-09-12T00:54:51.289Z,"{""lat"":-37.634756390481726,""lon"":145.06520083565812}"
2026-09-12T00:54:52.298Z,"{""lat"":-37.634756390481726,""lon"":145.06520083565812}"
2026-09-12T00:54:52.299Z,"{""lat"":-37.634756390481726,""lon"":145.06520083565812}"
2026-09-12T00:54:53.299Z,"{""lat"":-37.634756390481726,""lon"":145.06520083565812}"
2026-09-12T00:54:54.308Z,"{""lat"":-37.634756390481726,""lon"":145.06520083565812}"
2026-09-12T00:54:54.31Z,"{""lat"":-37.634756390481726,""lon"":145.06520083565812}"
2026-09-12T00:54:55.328Z,"{""lat"":-37.634756390481726,""lon"":145.06520083565812}"
2026-09-12T00:54:55.331Z,"{""lat"":-37.634756390481726,""lon"":145.06520083565812}"
2026-09-12T00:54:56.333Z,"{""lat"":-37.634756390481726,""lon"":145.06520083565812}"
2026-09-12T00:54:56.337Z,"{""lat"":-37.634756390481726,""lon"":145.06520083565812}"
2026-09-12T00:54:57.343Z,"{""lat"":-37.634756390481726,""lon"":145.06520083565812}"
2026-09-12T00:54:57.348Z,"{""lat"":-37.634756390481726,""lon"":145.06520083565812}"
2026-09-12T00:54:58.352Z,"{""lat"":-37.634756390481726,""lon"":145.06520083565812}"
2026-09-12T00:54:58.355Z,"{""lat"":-37.634756390481726,""lon"":145.06520083565812}"
2026-09-12T00:54:59.363Z,"{""lat"":-37.634756390481726,""lon"":145.06520083565812}"
2026-09-12T00:54:59.364Z,"{""lat"":-37.634756390481726,""lon"":145.06520083565812}"
2026-09-12T00:55:00.377Z,"{""lat"":-37.63475904686882,""lon"":145.0651885427728}"
2026-09-12T00:55:00.378Z,"{""lat"":-37.63475904686882,""lon"":145.0651885427728}"
2026-09-12T00:55:01.389Z,"{""lat"":-37.63475904686882,""lon"":145.0651885427728}"
2026-09-12T00:55:01.39Z,"{""lat"":-37.63475904686882,""lon"":145.0651885427728}"
2026-09-12T00:55:02.387Z,"{""lat"":-37.63475904686882,""lon"":145.0651885427728}"
2026-09-12T00:55:02.388Z,"{""lat"":-37.63475904686882,""lon"":145.0651885427728}"
2026-09-12T00:55:03.394Z,"{""lat"":-37.63475904686882,""lon"":145.0651885427728}"
2026-09-12T00:55:03.395Z,"{""lat"":-37.63475904686882,""lon"":145.0651885427728}"
2026-09-12T00:55:04.397Z,"{""lat"":-37.63475904686882,""lon"":145.0651885427728}"
2026-09-12T00:55:04.398Z,"{""lat"":-37.63475904686882,""lon"":145.0651885427728}"
2026-09-12T00:55:05.408Z,"{""lat"":-37.63475904686882,""lon"":145.0651885427728}"
2026-09-12T00:55:05.409Z,"{""lat"":-37.63475904686882,""lon"":145.0651885427728}"
2026-09-12T00:55:06.415Z,"{""lat"":-37.63475904686882,""lon"":145.0651885427728}"
2026-09-12T00:55:06.416Z,"{""lat"":-37.63475904686882,""lon"":145.0651885427728}"
2026-09-12T00:55:07.425Z,"{""lat"":-37.63475904686882,""lon"":145.0651885427728}"
2026-09-12T00:55:07.426Z,"{""lat"":-37.63475904686882,""lon"":145.0651885427728}"
2026-09-12T00:55:08.433Z,"{""lat"":-37.63475904686882,""lon"":145.0651885427728}"
2026-09-12T00:55:08.435Z,"{""lat"":-37.63475904686882,""lon"":145.0651885427728}"
2026-09-12T00:55:09.444Z,"{""lat"":-37.63475904686882,""lon"":145.0651885427728}"
2026-09-12T00:55:09.445Z,"{""lat"":-37.63475904686882,""lon"":145.0651885427728}"
2026-09-12T00:55:10.457Z,"{""lat"":-37.63475904686882,""lon"":145.0651885427728}"
2026-09-12T00:55:10.458Z,"{""lat"":-37.63475904686882,""lon"":145.0651885427728}"
2026-09-12T00:55:11.466Z,"{""lat"":-37.63475904686882,""lon"":145.0651885427728}"
2026-09-12T00:55:11.468Z,"{""lat"":-37.63475904686882,""lon"":145.0651885427728}"
2026-09-12T00:55:12.469Z,"{""lat"":-37.634768321589604,""lon"":145.06516927639876}"
2026-09-12T00:55:12.47Z,"{""lat"":-37.634768321589604,""lon"":145.06516927639876}"
2026-09-12T00:55:13.47Z,"{""lat"":-37.63476313402041,""lon"":145.06516336784298}"
2026-09-12T00:55:13.471Z,"{""lat"":-37.63476313402041,""lon"":145.06516336784298}"
2026-09-12T00:55:14.476Z,"{""lat"":-37.63476313402041,""lon"":145.06516336784298}"
2026-09-12T00:55:14.479Z,"{""lat"":-37.63476313402041,""lon"":145.06516336784298}"
2026-09-12T00:55:15.49Z,"{""lat"":-37.63476313402041,""lon"":145.06516336784298}"
2026-09-12T00:55:15.497Z,"{""lat"":-37.63476313402041,""lon"":145.06516336784298}"
2026-09-12T00:55:16.504Z,"{""lat"":-37.63476313402041,""lon"":145.06516336784298}"
2026-09-12T00:55:16.505Z,"{""lat"":-37.63476313402041,""lon"":145.06516336784298}"
2026-09-12T00:55:17.508Z,"{""lat"":-37.63476313402041,""lon"":145.06516336784298}"
2026-09-12T00:55:17.509Z,"{""lat"":-37.63476313402041,""lon"":145.06516336784298}"
2026-09-12T00:55:18.526Z,"{""lat"":-37.63476313402041,""lon"":145.06516336784298}"
2026-09-12T00:55:18.527Z,"{""lat"":-37.63476313402041,""lon"":145.06516336784298}"
2026-09-12T00:55:19.53Z,"{""lat"":-37.63476313402041,""lon"":145.06516336784298}"
2026-09-12T00:55:19.532Z,"{""lat"":-37.63476313402041,""lon"":145.06516336784298}"
2026-09-12T00:55:20.553Z,"{""lat"":-37.63476313402041,""lon"":145.06516336784298}"
2026-09-12T00:55:20.555Z,"{""lat"":-37.63476313402041,""lon"":145.06516336784298}"
2026-09-12T00:55:21.558Z,"{""lat"":-37.63476313402041,""lon"":145.06516336784298}"
2026-09-12T00:55:21.559Z,"{""lat"":-37.63476313402041,""lon"":145.06516336784298}"
2026-09-12T00:55:22.565Z,"{""lat"":-37.63476313402041,""lon"":145.06516336784298}"
2026-09-12T00:55:22.567Z,"{""lat"":-37.63476313402041,""lon"":145.06516336784298}"
2026-09-12T00:55:23.566Z,"{""lat"":-37.63476313402041,""lon"":145.06516336784298}"
2026-09-12T00:55:23.567Z,"{""lat"":-37.63476313402041,""lon"":145.06516336784298}"
2026-09-12T00:55:24.574Z,"{""lat"":-37.63476313402041,""lon"":145.06516336784298}"
2026-09-12T00:55:24.576Z,"{""lat"":-37.63476313402041,""lon"":145.06516336784298}"
2026-09-12T00:55:25.583Z,"{""lat"":-37.63476313402041,""lon"":145.06516336784298}"
2026-09-12T00:55:25.585Z,"{""lat"":-37.63476313402041,""lon"":145.06516336784298}"
2026-09-12T00:55:26.584Z,"{""lat"":-37.63476313402041,""lon"":145.06516336784298}"
2026-09-12T00:55:26.585Z,"{""lat"":-37.63476313402041,""lon"":145.06516336784298}"
2026-09-12T00:55:27.592Z,"{""lat"":-37.63476313402041,""lon"":145.06516336784298}"
2026-09-12T00:55:27.593Z,"{""lat"":-37.63476313402041,""lon"":145.06516336784298}"
2026-09-12T00:55:28.601Z,"{""lat"":-37.63476313402041,""lon"":145.06516336784298}"
2026-09-12T00:55:28.602Z,"{""lat"":-37.63476313402041,""lon"":145.06516336784298}"
2026-09-12T00:55:29.602Z,"{""lat"":-37.63476313402041,""lon"":145.06516336784298}"
2026-09-12T00:55:29.603Z,"{""lat"":-37.63476313402041,""lon"":145.06516336784298}"
2026-09-12T00:55:30.61Z,"{""lat"":-37.63476313402041,""lon"":145.06516336784298}"
2026-09-12T00:55:30.612Z,"{""lat"":-37.63476313402041,""lon"":145.06516336784298}"
2026-09-12T00:55:31.619Z,"{""lat"":-37.63471587440375,""lon"":145.0651299046505}"
2026-09-12T00:55:31.62Z,"{""lat"":-37.63471587440375,""lon"":145.0651299046505}"
2026-09-12T00:55:32.622Z,"{""lat"":-37.63471587440375,""lon"":145.0651299046505}"
2026-09-12T00:55:32.623Z,"{""lat"":-37.63471587440375,""lon"":145.0651299046505}"
2026-09-12T00:55:33.634Z,"{""lat"":-37.63471587440375,""lon"":145.0651299046505}"
2026-09-12T00:55:33.638Z,"{""lat"":-37.63471587440375,""lon"":145.0651299046505}"
2026-09-12T00:55:34.63Z,"{""lat"":-37.63471587440375,""lon"":145.0651299046505}"
2026-09-12T00:55:34.632Z,"{""lat"":-37.63471587440375,""lon"":145.0651299046505}"
2026-09-12T00:55:35.641Z,"{""lat"":-37.63470878509701,""lon"":145.06512692904624}"
2026-09-12T00:55:35.642Z,"{""lat"":-37.63470878509701,""lon"":145.06512692904624}"
2026-09-12T00:55:36.651Z,"{""lat"":-37.63470878509701,""lon"":145.06512692904624}"
2026-09-12T00:55:37.652Z,"{""lat"":-37.63470878509701,""lon"":145.06512692904624}"
2026-09-12T00:55:37.653Z,"{""lat"":-37.63470878509701,""lon"":145.06512692904624}"
2026-09-12T00:55:38.655Z,"{""lat"":-37.63470878509701,""lon"":145.06512692904624}"
2026-09-12T00:55:38.656Z,"{""lat"":-37.63470878509701,""lon"":145.06512692904624}"
2026-09-12T00:55:39.666Z,"{""lat"":-37.63470878509701,""lon"":145.06512692904624}"
2026-09-12T00:55:39.667Z,"{""lat"":-37.63470878509701,""lon"":145.06512692904624}"
2026-09-12T00:55:40.666Z,"{""lat"":-37.63470878509701,""lon"":145.06512692904624}"
2026-09-12T00:55:41.679Z,"{""lat"":-37.63470878509701,""lon"":145.06512692904624}"
2026-09-12T00:55:41.68Z,"{""lat"":-37.63470878509701,""lon"":145.06512692904624}"
2026-09-12T00:55:42.681Z,"{""lat"":-37.63470878509701,""lon"":145.06512692904624}"
2026-09-12T00:55:42.688Z,"{""lat"":-37.63470878509701,""lon"":145.06512692904624}"
2026-09-12T00:55:43.684Z,"{""lat"":-37.63470878509701,""lon"":145.06512692904624}"
2026-09-12T00:55:43.686Z,"{""lat"":-37.63470878509701,""lon"":145.06512692904624}"
2026-09-12T00:55:44.706Z,"{""lat"":-37.63470878509701,""lon"":145.06512692904624}"
2026-09-12T00:55:44.707Z,"{""lat"":-37.63470878509701,""lon"":145.06512692904624}"
2026-09-12T00:55:45.715Z,"{""lat"":-37.63470878509701,""lon"":145.06512692904624}"
2026-09-12T00:55:45.718Z,"{""lat"":-37.63470878509701,""lon"":145.06512692904624}"
2026-09-12T00:55:46.717Z,"{""lat"":-37.63470878509701,""lon"":145.06512692904624}"
2026-09-12T00:55:46.718Z,"{""lat"":-37.63470878509701,""lon"":145.06512692904624}"
2026-09-12T00:55:47.718Z,"{""lat"":-37.63470878509701,""lon"":145.06512692904624}"
2026-09-12T00:55:47.721Z,"{""lat"":-37.63470878509701,""lon"":145.06512692904624}"
2026-09-12T00:55:48.73Z,"{""lat"":-37.63470878509701,""lon"":145.06512692904624}"
2026-09-12T00:55:49.728Z,"{""lat"":-37.63470878509701,""lon"":145.06512692904624}"
2026-09-12T00:55:50.736Z,"{""lat"":-37.63470878509701,""lon"":145.06512692904624}"
2026-09-12T00:55:51.737Z,"{""lat"":-37.63470878509701,""lon"":145.06512692904624}"
2026-09-12T00:55:51.738Z,"{""lat"":-37.63470878509701,""lon"":145.06512692904624}"
2026-09-12T00:55:52.75Z,"{""lat"":-37.63470878509701,""lon"":145.06512692904624}"
2026-09-12T00:55:52.751Z,"{""lat"":-37.63470878509701,""lon"":145.06512692904624}"
2026-09-12T00:55:53.757Z,"{""lat"":-37.63470878509701,""lon"":145.06512692904624}"
2026-09-12T00:55:53.758Z,"{""lat"":-37.63470878509701,""lon"":145.06512692904624}"
2026-09-12T00:55:54.756Z,"{""lat"":-37.63470878509701,""lon"":145.06512692904624}"
2026-09-12T00:55:54.757Z,"{""lat"":-37.63470878509701,""lon"":145.06512692904624}"
2026-09-12T00:55:55.762Z,"{""lat"":-37.63470878509701,""lon"":145.06512692904624}"
2026-09-12T00:55:55.763Z,"{""lat"":-37.63470878509701,""lon"":145.06512692904624}"
2026-09-12T00:55:56.763Z,"{""lat"":-37.63470878509701,""lon"":145.06512692904624}"
2026-09-12T00:55:56.764Z,"{""lat"":-37.63470878509701,""lon"":145.06512692904624}"
2026-09-12T00:55:57.771Z,"{""lat"":-37.63470878509701,""lon"":145.06512692904624}"
2026-09-12T00:55:57.773Z,"{""lat"":-37.63470878509701,""lon"":145.06512692904624}"
2026-09-12T00:55:58.779Z,"{""lat"":-37.63470878509701,""lon"":145.06512692904624}"
2026-09-12T00:55:58.78Z,"{""lat"":-37.63470878509701,""lon"":145.06512692904624}"
2026-09-12T00:55:59.784Z,"{""lat"":-37.63470878509701,""lon"":145.06512692904624}"
2026-09-12T00:55:59.786Z,"{""lat"":-37.63470878509701,""lon"":145.06512692904624}"
2026-09-12T00:56:00.789Z,"{""lat"":-37.63470878509701,""lon"":145.06512692904624}"
2026-09-12T00:56:00.792Z,"{""lat"":-37.63470878509701,""lon"":145.06512692904624}"
2026-09-12T00:56:01.791Z,"{""lat"":-37.63470878509701,""lon"":145.06512692904624}"
2026-09-12T00:56:01.792Z,"{""lat"":-37.63470878509701,""lon"":145.06512692904624}"
2026-09-12T00:56:02.798Z,"{""lat"":-37.63470878509701,""lon"":145.06512692904624}"
2026-09-12T00:56:02.799Z,"{""lat"":-37.63470878509701,""lon"":145.06512692904624}"
2026-09-12T00:56:03.809Z,"{""lat"":-37.63470878509701,""lon"":145.06512692904624}"
2026-09-12T00:56:03.81Z,"{""lat"":-37.63470878509701,""lon"":145.06512692904624}"
2026-09-12T00:56:04.815Z,"{""lat"":-37.63470878509701,""lon"":145.06512692904624}"
2026-09-12T00:56:04.816Z,"{""lat"":-37.63470878509701,""lon"":145.06512692904624}"
2026-09-12T00:56:05.817Z,"{""lat"":-37.63470878509701,""lon"":145.06512692904624}"
2026-09-12T00:56:05.823Z,"{""lat"":-37.63470878509701,""lon"":145.06512692904624}"
2026-09-12T00:56:06.825Z,"{""lat"":-37.63470878509701,""lon"":145.06512692904624}"
2026-09-12T00:56:07.833Z,"{""lat"":-37.63470878509701,""lon"":145.06512692904624}"
2026-09-12T00:56:07.834Z,"{""lat"":-37.63470878509701,""lon"":145.06512692904624}"
2026-09-12T00:56:08.847Z,"{""lat"":-37.63470878509701,""lon"":145.06512692904624}"
2026-09-12T00:56:08.848Z,"{""lat"":-37.63470878509701,""lon"":145.06512692904624}"
2026-09-12T00:56:09.85Z,"{""lat"":-37.63470878509701,""lon"":145.06512692904624}"
2026-09-12T00:56:09.851Z,"{""lat"":-37.63470878509701,""lon"":145.06512692904624}"
2026-09-12T00:56:10.851Z,"{""lat"":-37.63470878509701,""lon"":145.06512692904624}"
2026-09-12T00:56:10.853Z,"{""lat"":-37.63470878509701,""lon"":145.06512692904624}"
2026-09-12T00:56:11.859Z,"{""lat"":-37.63470878509701,""lon"":145.06512692904624}"
2026-09-12T00:56:11.86Z,"{""lat"":-37.63470878509701,""lon"":145.06512692904624}"
2026-09-12T00:56:12.86Z,"{""lat"":-37.63470878509701,""lon"":145.06512692904624}"
2026-09-12T00:56:12.861Z,"{""lat"":-37.63470878509701,""lon"":145.06512692904624}"
2026-09-12T00:56:13.871Z,"{""lat"":-37.63470878509701,""lon"":145.06512692904624}"
2026-09-12T00:56:13.874Z,"{""lat"":-37.63470878509701,""lon"":145.06512692904624}"
2026-09-12T00:56:14.877Z,"{""lat"":-37.63470878509701,""lon"":145.06512692904624}"
2026-09-12T00:56:14.878Z,"{""lat"":-37.63470878509701,""lon"":145.06512692904624}"
2026-09-12T00:56:15.885Z,"{""lat"":-37.63470878509701,""lon"":145.06512692904624}"
2026-09-12T00:56:16.886Z,"{""lat"":-37.63470878509701,""lon"":145.06512692904624}"
2026-09-12T00:56:16.887Z,"{""lat"":-37.63470878509701,""lon"":145.06512692904624}"
2026-09-12T00:56:17.895Z,"{""lat"":-37.63470878509701,""lon"":145.06512692904624}"
2026-09-12T00:56:18.903Z,"{""lat"":-37.63470878509701,""lon"":145.06512692904624}"
2026-09-12T00:56:19.919Z,"{""lat"":-37.63470878509701,""lon"":145.06512692904624}"
2026-09-12T00:56:19.92Z,"{""lat"":-37.63470878509701,""lon"":145.06512692904624}"
2026-09-12T00:56:20.944Z,"{""lat"":-37.63470878509701,""lon"":145.06512692904624}"
2026-09-12T00:56:20.945Z,"{""lat"":-37.63470878509701,""lon"":145.06512692904624}"
2026-09-12T00:56:21.937Z,"{""lat"":-37.63470878509701,""lon"":145.06512692904624}"
2026-09-12T00:56:21.939Z,"{""lat"":-37.63470878509701,""lon"":145.06512692904624}"
2026-09-12T00:56:22.945Z,"{""lat"":-37.63470878509701,""lon"":145.06512692904624}"
2026-09-12T00:56:22.946Z,"{""lat"":-37.63470878509701,""lon"":145.06512692904624}"
2026-09-12T00:56:23.954Z,"{""lat"":-37.63470878509701,""lon"":145.06512692904624}"
2026-09-12T00:56:23.955Z,"{""lat"":-37.63470878509701,""lon"":145.06512692904624}"
2026-09-12T00:56:24.963Z,"{""lat"":-37.63470878509701,""lon"":145.06512692904624}"
2026-09-12T00:56:24.964Z,"{""lat"":-37.63470878509701,""lon"":145.06512692904624}"
2026-09-12T00:56:25.971Z,"{""lat"":-37.63470878509701,""lon"":145.06512692904624}"
2026-09-12T00:56:25.972Z,"{""lat"":-37.63470878509701,""lon"":145.06512692904624}"
2026-09-12T00:56:26.98Z,"{""lat"":-37.63470878509701,""lon"":145.06512692904624}"
2026-09-12T00:56:27.98Z,"{""lat"":-37.63470878509701,""lon"":145.06512692904624}"
2026-09-12T00:56:27.981Z,"{""lat"":-37.63470878509701,""lon"":145.06512692904624}"
2026-09-12T00:56:28.988Z,"{""lat"":-37.63470878509701,""lon"":145.06512692904624}"
2026-09-12T00:56:28.989Z,"{""lat"":-37.63470878509701,""lon"":145.06512692904624}"
2026-09-12T00:56:29.999Z,"{""lat"":-37.63470878509701,""lon"":145.06512692904624}"
2026-09-12T00:56:30Z,"{""lat"":-37.63470878509701,""lon"":145.06512692904624}"
2026-09-12T00:56:30.998Z,"{""lat"":-37.63470878509701,""lon"":145.06512692904624}"
2026-09-12T00:56:32.005Z,"{""lat"":-37.63470878509701,""lon"":145.06512692904624}"
2026-09-12T00:56:33.013Z,"{""lat"":-37.63470878509701,""lon"":145.06512692904624}"
2026-09-12T00:56:33.014Z,"{""lat"":-37.63470878509701,""lon"":145.06512692904624}"
2026-09-12T00:56:34.018Z,"{""lat"":-37.63470878509701,""lon"":145.06512692904624}"
2026-09-12T00:56:34.019Z,"{""lat"":-37.63470878509701,""lon"":145.06512692904624}"
2026-09-12T00:56:35.027Z,"{""lat"":-37.63470878509701,""lon"":145.06512692904624}"
2026-09-12T00:56:35.028Z,"{""lat"":-37.63470878509701,""lon"":145.06512692904624}"
2026-09-12T00:56:36.035Z,"{""lat"":-37.63470878509701,""lon"":145.06512692904624}"
2026-09-12T00:56:36.036Z,"{""lat"":-37.63470878509701,""lon"":145.06512692904624}"
2026-09-12T00:56:37.039Z,"{""lat"":-37.63470878509701,""lon"":145.06512692904624}"
2026-09-12T00:56:37.041Z,"{""lat"":-37.63470878509701,""lon"":145.06512692904624}"
2026-09-12T00:56:38.052Z,"{""lat"":-37.63470878509701,""lon"":145.06512692904624}"
2026-09-12T00:56:38.054Z,"{""lat"":-37.63470878509701,""lon"":145.06512692904624}"
2026-09-12T00:56:39.065Z,"{""lat"":-37.63470878509701,""lon"":145.06512692904624}"
2026-09-12T00:56:40.081Z,"{""lat"":-37.63470878509701,""lon"":145.06512692904624}"
2026-09-12T00:56:40.082Z,"{""lat"":-37.63470878509701,""lon"":145.06512692904624}"
2026-09-12T00:56:41.083Z,"{""lat"":-37.63470878509701,""lon"":145.06512692904624}"
2026-09-12T00:56:42.086Z,"{""lat"":-37.63470878509701,""lon"":145.06512692904624}"
2026-09-12T00:56:42.087Z,"{""lat"":-37.63470878509701,""lon"":145.06512692904624}"
2026-09-12T00:56:43.093Z,"{""lat"":-37.63470878509701,""lon"":145.06512692904624}"
2026-09-12T00:56:44.097Z,"{""lat"":-37.63470878509701,""lon"":145.06512692904624}"
2026-09-12T00:56:44.099Z,"{""lat"":-37.63470878509701,""lon"":145.06512692904624}"
2026-09-12T00:56:45.099Z,"{""lat"":-37.63470878509701,""lon"":145.06512692904624}"
2026-09-12T00:56:45.1Z,"{""lat"":-37.63470878509701,""lon"":145.06512692904624}"
2026-09-12T00:56:46.103Z,"{""lat"":-37.63470878509701,""lon"":145.06512692904624}"
2026-09-12T00:56:47.108Z,"{""lat"":-37.63470878509701,""lon"":145.06512692904624}"
2026-09-12T00:56:47.109Z,"{""lat"":-37.63470878509701,""lon"":145.06512692904624}"
2026-09-12T00:56:48.109Z,"{""lat"":-37.63470878509701,""lon"":145.06512692904624}"
2026-09-12T00:56:48.11Z,"{""lat"":-37.63470878509701,""lon"":145.06512692904624}"
2026-09-12T00:56:49.123Z,"{""lat"":-37.63470878509701,""lon"":145.06512692904624}"
2026-09-12T00:56:49.124Z,"{""lat"":-37.63470878509701,""lon"":145.06512692904624}"
2026-09-12T00:56:50.118Z,"{""lat"":-37.63470078895557,""lon"":145.06512596930926}"
2026-09-12T00:56:50.119Z,"{""lat"":-37.63470078895557,""lon"":145.06512596930926}"
2026-09-12T00:56:51.127Z,"{""lat"":-37.63470078895557,""lon"":145.06512596930926}"
2026-09-12T00:56:51.128Z,"{""lat"":-37.63470078895557,""lon"":145.06512596930926}"
2026-09-12T00:56:52.127Z,"{""lat"":-37.63470078895557,""lon"":145.06512596930926}"
2026-09-12T00:56:52.128Z,"{""lat"":-37.63470078895557,""lon"":145.06512596930926}"
2026-09-12T00:56:53.136Z,"{""lat"":-37.63470078895557,""lon"":145.06512596930926}"
2026-09-12T00:56:53.137Z,"{""lat"":-37.63470078895557,""lon"":145.06512596930926}"
2026-09-12T00:56:54.143Z,"{""lat"":-37.63470078895557,""lon"":145.06512596930926}"
2026-09-12T00:56:54.144Z,"{""lat"":-37.63470078895557,""lon"":145.06512596930926}"
2026-09-12T00:56:55.156Z,"{""lat"":-37.63470078895557,""lon"":145.06512596930926}"
2026-09-12T00:56:55.157Z,"{""lat"":-37.63470078895557,""lon"":145.06512596930926}"
2026-09-12T00:56:56.169Z,"{""lat"":-37.63470078895557,""lon"":145.06512596930926}"
2026-09-12T00:56:57.169Z,"{""lat"":-37.63470078895557,""lon"":145.06512596930926}"
2026-09-12T00:56:57.17Z,"{""lat"":-37.63470078895557,""lon"":145.06512596930926}"
2026-09-12T00:56:58.18Z,"{""lat"":-37.63470078895557,""lon"":145.06512596930926}"
2026-09-12T00:56:58.181Z,"{""lat"":-37.63470078895557,""lon"":145.06512596930926}"
2026-09-12T00:56:59.187Z,"{""lat"":-37.63470078895557,""lon"":145.06512596930926}"
2026-09-12T00:56:59.188Z,"{""lat"":-37.63470078895557,""lon"":145.06512596930926}"
2026-09-12T00:57:00.194Z,"{""lat"":-37.63470078895557,""lon"":145.06512596930926}"
2026-09-12T00:57:00.196Z,"{""lat"":-37.63470078895557,""lon"":145.06512596930926}"
2026-09-12T00:57:01.201Z,"{""lat"":-37.63470078895557,""lon"":145.06512596930926}"
2026-09-12T00:57:02.205Z,"{""lat"":-37.63470078895557,""lon"":145.06512596930926}"
2026-09-12T00:57:02.206Z,"{""lat"":-37.63470078895557,""lon"":145.06512596930926}"
2026-09-12T00:57:03.213Z,"{""lat"":-37.63470078895557,""lon"":145.06512596930926}"
2026-09-12T00:57:03.214Z,"{""lat"":-37.63470078895557,""lon"":145.06512596930926}"
2026-09-12T00:57:04.221Z,"{""lat"":-37.63470078895557,""lon"":145.06512596930926}"
2026-09-12T00:57:05.222Z,"{""lat"":-37.63470078895557,""lon"":145.06512596930926}"
2026-09-12T00:57:06.23Z,"{""lat"":-37.63470078895557,""lon"":145.06512596930926}"
2026-09-12T00:57:07.242Z,"{""lat"":-37.63470078895557,""lon"":145.06512596930926}"
2026-09-12T00:57:07.243Z,"{""lat"":-37.63470078895557,""lon"":145.06512596930926}"
2026-09-12T00:57:08.246Z,"{""lat"":-37.63470078895557,""lon"":145.06512596930926}"
2026-09-12T00:57:08.247Z,"{""lat"":-37.63470078895557,""lon"":145.06512596930926}"
2026-09-12T00:57:09.255Z,"{""lat"":-37.63470078895557,""lon"":145.06512596930926}"
2026-09-12T00:57:09.256Z,"{""lat"":-37.63470078895557,""lon"":145.06512596930926}"
2026-09-12T00:57:10.263Z,"{""lat"":-37.63470078895557,""lon"":145.06512596930926}"
2026-09-12T00:57:10.264Z,"{""lat"":-37.63470078895557,""lon"":145.06512596930926}"
2026-09-12T00:57:11.276Z,"{""lat"":-37.63470078895557,""lon"":145.06512596930926}"
2026-09-12T00:57:11.277Z,"{""lat"":-37.63470078895557,""lon"":145.06512596930926}"
2026-09-12T00:57:12.28Z,"{""lat"":-37.63472988400289,""lon"":145.06517183265797}"
2026-09-12T00:57:12.281Z,"{""lat"":-37.63472988400289,""lon"":145.06517183265797}"
2026-09-12T00:57:13.29Z,"{""lat"":-37.63472988400289,""lon"":145.06517183265797}"
2026-09-12T00:57:13.292Z,"{""lat"":-37.63472988400289,""lon"":145.06517183265797}"
2026-09-12T00:57:14.297Z,"{""lat"":-37.63473749691986,""lon"":145.06516673531067}"
2026-09-12T00:57:14.299Z,"{""lat"":-37.63473749691986,""lon"":145.06516673531067}"
2026-09-12T00:57:15.309Z,"{""lat"":-37.63473749691986,""lon"":145.06516673531067}"
2026-09-12T00:57:15.31Z,"{""lat"":-37.63473749691986,""lon"":145.06516673531067}"
2026-09-12T00:57:16.314Z,"{""lat"":-37.63473749691986,""lon"":145.06516673531067}"
2026-09-12T00:57:16.316Z,"{""lat"":-37.63473749691986,""lon"":145.06516673531067}"
2026-09-12T00:57:17.323Z,"{""lat"":-37.63473749691986,""lon"":145.06516673531067}"
2026-09-12T00:57:18.333Z,"{""lat"":-37.63473749691986,""lon"":145.06516673531067}"
2026-09-12T00:57:18.334Z,"{""lat"":-37.63473749691986,""lon"":145.06516673531067}"
2026-09-12T00:57:19.337Z,"{""lat"":-37.63473749691986,""lon"":145.06516673531067}"
2026-09-12T00:57:19.338Z,"{""lat"":-37.63473749691986,""lon"":145.06516673531067}"
2026-09-12T00:57:20.341Z,"{""lat"":-37.63473749691986,""lon"":145.06516673531067}"
2026-09-12T00:57:21.341Z,"{""lat"":-37.63473749691986,""lon"":145.06516673531067}"
2026-09-12T00:57:21.342Z,"{""lat"":-37.63473749691986,""lon"":145.06516673531067}"
2026-09-12T00:57:22.349Z,"{""lat"":-37.63473749691986,""lon"":145.06516673531067}"
2026-09-12T00:57:22.35Z,"{""lat"":-37.63473749691986,""lon"":145.06516673531067}"
2026-09-12T00:57:23.357Z,"{""lat"":-37.63473749691986,""lon"":145.06516673531067}"
2026-09-12T00:57:23.358Z,"{""lat"":-37.63473749691986,""lon"":145.06516673531067}"
2026-09-12T00:57:24.376Z,"{""lat"":-37.63473749691986,""lon"":145.06516673531067}"
2026-09-12T00:57:24.379Z,"{""lat"":-37.63473749691986,""lon"":145.06516673531067}"
2026-09-12T00:57:25.387Z,"{""lat"":-37.63473749691986,""lon"":145.06516673531067}"
2026-09-12T00:57:25.404Z,"{""lat"":-37.63473749691986,""lon"":145.06516673531067}"
2026-09-12T00:57:26.405Z,"{""lat"":-37.63473749691986,""lon"":145.06516673531067}"
2026-09-12T00:57:26.412Z,"{""lat"":-37.63473749691986,""lon"":145.06516673531067}"
2026-09-12T00:57:27.406Z,"{""lat"":-37.63473749691986,""lon"":145.06516673531067}"
2026-09-12T00:57:27.408Z,"{""lat"":-37.63473749691986,""lon"":145.06516673531067}"
2026-09-12T00:57:53.473Z,"{""lat"":-37.63473749691986,""lon"":145.06516673531067}"
2026-09-12T00:57:53.481Z,"{""lat"":-37.63473749691986,""lon"":145.06516673531067}"
2026-09-12T00:57:54.498Z,"{""lat"":-37.63473749691986,""lon"":145.06516673531067}"
2026-09-12T00:57:54.499Z,"{""lat"":-37.63473749691986,""lon"":145.06516673531067}"
2026-09-12T00:57:55.507Z,"{""lat"":-37.63473749691986,""lon"":145.06516673531067}"
2026-09-12T00:57:55.51Z,"{""lat"":-37.63473749691986,""lon"":145.06516673531067}"
2026-09-12T00:57:56.513Z,"{""lat"":-37.63473749691986,""lon"":145.06516673531067}"
2026-09-12T00:57:57.52Z,"{""lat"":-37.63473749691986,""lon"":145.06516673531067}"
2026-09-12T00:57:57.521Z,"{""lat"":-37.63473749691986,""lon"":145.06516673531067}"
2026-09-12T00:57:58.529Z,"{""lat"":-37.63473749691986,""lon"":145.06516673531067}"
2026-09-12T00:57:58.53Z,"{""lat"":-37.63473749691986,""lon"":145.06516673531067}"
2026-09-12T00:57:59.53Z,"{""lat"":-37.63473749691986,""lon"":145.06516673531067}"
2026-09-12T00:57:59.535Z,"{""lat"":-37.63473749691986,""lon"":145.06516673531067}"
2026-09-12T00:58:00.539Z,"{""lat"":-37.634665774673955,""lon"":145.0652996551239}"
2026-09-12T00:58:01.547Z,"{""lat"":-37.63466716712941,""lon"":145.06529368335657}"
2026-09-12T00:58:01.548Z,"{""lat"":-37.63466716712941,""lon"":145.06529368335657}"
2026-09-12T00:58:02.548Z,"{""lat"":-37.634709418216815,""lon"":145.06524728991909}"
2026-09-12T00:58:02.549Z,"{""lat"":-37.634709418216815,""lon"":145.06524728991909}"
2026-09-12T00:58:03.557Z,"{""lat"":-37.63473809127516,""lon"":145.0652320343267}"
2026-09-12T00:58:03.558Z,"{""lat"":-37.63473809127516,""lon"":145.0652320343267}"
2026-09-12T00:58:04.564Z,"{""lat"":-37.63475045383598,""lon"":145.06521793899773}"
2026-09-12T00:58:04.569Z,"{""lat"":-37.63475045383598,""lon"":145.06521793899773}"
2026-09-12T00:58:05.573Z,"{""lat"":-37.63475045383598,""lon"":145.06521793899773}"
2026-09-12T00:58:05.574Z,"{""lat"":-37.63475045383598,""lon"":145.06521793899773}"
2026-09-12T00:58:06.581Z,"{""lat"":-37.63474248723455,""lon"":145.0652079674877}"
2026-09-12T00:58:06.583Z,"{""lat"":-37.63474248723455,""lon"":145.0652079674877}"
2026-09-12T00:58:07.593Z,"{""lat"":-37.634748851340355,""lon"":145.06518360585085}"
2026-09-12T00:58:07.595Z,"{""lat"":-37.634748851340355,""lon"":145.06518360585085}"
2026-09-12T00:58:08.591Z,"{""lat"":-37.634748851340355,""lon"":145.06518360585085}"
2026-09-12T00:58:08.593Z,"{""lat"":-37.634748851340355,""lon"":145.06518360585085}"
2026-09-12T00:58:09.599Z,"{""lat"":-37.63475414470897,""lon"":145.0651768208061}"
2026-09-12T00:58:09.604Z,"{""lat"":-37.63475414470897,""lon"":145.0651768208061}"
2026-09-12T00:58:10.6Z,"{""lat"":-37.63475414470897,""lon"":145.0651768208061}"
2026-09-12T00:58:10.601Z,"{""lat"":-37.63475414470897,""lon"":145.0651768208061}"
2026-09-12T00:58:11.608Z,"{""lat"":-37.63475432976085,""lon"":145.06518348252487}"
2026-09-12T00:58:11.609Z,"{""lat"":-37.63475432976085,""lon"":145.06518348252487}"
2026-09-12T00:58:12.609Z,"{""lat"":-37.63475275396101,""lon"":145.06519010819443}"
2026-09-12T00:58:13.617Z,"{""lat"":-37.63475097320878,""lon"":145.06519447236326}"
2026-09-12T00:58:13.618Z,"{""lat"":-37.63475097320878,""lon"":145.06519447236326}"
2026-09-12T00:58:14.626Z,"{""lat"":-37.63475053726281,""lon"":145.06519651717957}"
2026-09-12T00:58:14.627Z,"{""lat"":-37.63475053726281,""lon"":145.06519651717957}"
2026-09-12T00:58:15.652Z,"{""lat"":-37.6347500251487,""lon"":145.065198665295}"
2026-09-12T00:58:15.653Z,"{""lat"":-37.6347500251487,""lon"":145.065198665295}"
2026-09-12T00:58:16.635Z,"{""lat"":-37.6347497228203,""lon"":145.0651982559801}"
2026-09-12T00:58:16.636Z,"{""lat"":-37.6347497228203,""lon"":145.0651982559801}"
2026-09-12T00:58:17.644Z,"{""lat"":-37.634746779888445,""lon"":145.06519709859796}"
2026-09-12T00:58:17.645Z,"{""lat"":-37.634746779888445,""lon"":145.06519709859796}"
2026-09-12T00:58:18.644Z,"{""lat"":-37.63474536699389,""lon"":145.0651947924739}"
2026-09-12T00:58:18.645Z,"{""lat"":-37.63474536699389,""lon"":145.0651947924739}"
2026-09-12T00:58:19.652Z,"{""lat"":-37.63474333260242,""lon"":145.0651965357385}"
2026-09-12T00:58:19.653Z,"{""lat"":-37.63474333260242,""lon"":145.0651965357385}"
2026-09-12T00:58:20.653Z,"{""lat"":-37.63474454376726,""lon"":145.06519474018214}"
2026-09-12T00:58:21.662Z,"{""lat"":-37.63474743289952,""lon"":145.0651922632463}"
2026-09-12T00:58:21.663Z,"{""lat"":-37.63474743289952,""lon"":145.0651922632463}"
2026-09-12T00:58:22.662Z,"{""lat"":-37.63474743289952,""lon"":145.0651922632463}"
2026-09-12T00:58:22.664Z,"{""lat"":-37.63474743289952,""lon"":145.0651922632463}"
2026-09-12T00:58:23.674Z,"{""lat"":-37.63474743289952,""lon"":145.0651922632463}"
2026-09-12T00:58:23.675Z,"{""lat"":-37.63474743289952,""lon"":145.0651922632463}"
2026-09-12T00:58:24.671Z,"{""lat"":-37.63474743289952,""lon"":145.0651922632463}"
2026-09-12T00:58:24.672Z,"{""lat"":-37.63474743289952,""lon"":145.0651922632463}"
2026-09-12T00:58:25.68Z,"{""lat"":-37.63474743289952,""lon"":145.0651922632463}"
2026-09-12T00:58:25.681Z,"{""lat"":-37.63474743289952,""lon"":145.0651922632463}"
2026-09-12T00:58:26.689Z,"{""lat"":-37.63474743289952,""lon"":145.0651922632463}"
2026-09-12T00:58:27.692Z,"{""lat"":-37.63474743289952,""lon"":145.0651922632463}"
2026-09-12T00:58:27.693Z,"{""lat"":-37.63474743289952,""lon"":145.0651922632463}"
2026-09-12T00:58:28.691Z,"{""lat"":-37.63474743289952,""lon"":145.0651922632463}"
2026-09-12T00:58:28.693Z,"{""lat"":-37.63474743289952,""lon"":145.0651922632463}"
2026-09-12T00:58:29.699Z,"{""lat"":-37.63474743289952,""lon"":145.0651922632463}"
2026-09-12T00:58:29.701Z,"{""lat"":-37.63474743289952,""lon"":145.0651922632463}"
2026-09-12T00:58:30.7Z,"{""lat"":-37.63474743289952,""lon"":145.0651922632463}"
2026-09-12T00:58:30.701Z,"{""lat"":-37.63474743289952,""lon"":145.0651922632463}"
2026-09-12T00:58:31.709Z,"{""lat"":-37.63474743289952,""lon"":145.0651922632463}"
2026-09-12T00:58:31.71Z,"{""lat"":-37.63474743289952,""lon"":145.0651922632463}"
2026-09-12T00:58:32.718Z,"{""lat"":-37.63474743289952,""lon"":145.0651922632463}"
2026-09-12T00:58:32.719Z,"{""lat"":-37.63474743289952,""lon"":145.0651922632463}"
2026-09-12T00:58:33.718Z,"{""lat"":-37.63474743289952,""lon"":145.0651922632463}"
2026-09-12T00:58:33.719Z,"{""lat"":-37.63474743289952,""lon"":145.0651922632463}"
2026-09-12T00:58:34.726Z,"{""lat"":-37.63474743289952,""lon"":145.0651922632463}"
2026-09-12T00:58:34.727Z,"{""lat"":-37.63474743289952,""lon"":145.0651922632463}"
2026-09-12T00:58:35.735Z,"{""lat"":-37.63474743289952,""lon"":145.0651922632463}"
2026-09-12T00:58:35.736Z,"{""lat"":-37.63474743289952,""lon"":145.0651922632463}"
2026-09-12T00:58:36.735Z,"{""lat"":-37.63474743289952,""lon"":145.0651922632463}"
2026-09-12T00:58:36.736Z,"{""lat"":-37.63474743289952,""lon"":145.0651922632463}"
2026-09-12T00:58:37.743Z,"{""lat"":-37.63474743289952,""lon"":145.0651922632463}"
2026-09-12T00:58:37.745Z,"{""lat"":-37.63474743289952,""lon"":145.0651922632463}"
2026-09-12T00:58:38.752Z,"{""lat"":-37.63474743289952,""lon"":145.0651922632463}"
2026-09-12T00:58:38.753Z,"{""lat"":-37.63474743289952,""lon"":145.0651922632463}"
2026-09-12T00:58:39.753Z,"{""lat"":-37.63474743289952,""lon"":145.0651922632463}"
2026-09-12T00:58:40.761Z,"{""lat"":-37.63474743289952,""lon"":145.0651922632463}"
2026-09-12T00:58:40.762Z,"{""lat"":-37.63474743289952,""lon"":145.0651922632463}"
2026-09-12T00:58:41.77Z,"{""lat"":-37.63474743289952,""lon"":145.0651922632463}"
2026-09-12T00:58:41.771Z,"{""lat"":-37.63474743289952,""lon"":145.0651922632463}"
2026-09-12T00:58:42.771Z,"{""lat"":-37.63474743289952,""lon"":145.0651922632463}"
2026-09-12T00:58:42.772Z,"{""lat"":-37.63474743289952,""lon"":145.0651922632463}"
2026-09-12T00:58:43.78Z,"{""lat"":-37.63474743289952,""lon"":145.0651922632463}"
2026-09-12T00:58:43.781Z,"{""lat"":-37.63474743289952,""lon"":145.0651922632463}"
2026-09-12T00:58:44.788Z,"{""lat"":-37.63474743289952,""lon"":145.0651922632463}"
2026-09-12T00:58:44.789Z,"{""lat"":-37.63474743289952,""lon"":145.0651922632463}"
2026-09-12T00:58:45.798Z,"{""lat"":-37.63474743289952,""lon"":145.0651922632463}"
2026-09-12T00:58:45.799Z,"{""lat"":-37.63474743289952,""lon"":145.0651922632463}"
2026-09-12T00:58:46.798Z,"{""lat"":-37.63474743289952,""lon"":145.0651922632463}"
2026-09-12T00:58:46.799Z,"{""lat"":-37.63474743289952,""lon"":145.0651922632463}"
2026-09-12T00:58:47.807Z,"{""lat"":-37.63474743289952,""lon"":145.0651922632463}"
2026-09-12T00:58:47.808Z,"{""lat"":-37.63474743289952,""lon"":145.0651922632463}"
2026-09-12T00:58:48.816Z,"{""lat"":-37.63474743289952,""lon"":145.0651922632463}"
2026-09-12T00:58:49.816Z,"{""lat"":-37.63474743289952,""lon"":145.0651922632463}"
2026-09-12T00:58:49.817Z,"{""lat"":-37.63474743289952,""lon"":145.0651922632463}"
2026-09-12T00:58:50.827Z,"{""lat"":-37.63474743289952,""lon"":145.0651922632463}"
2026-09-12T00:58:50.828Z,"{""lat"":-37.63474743289952,""lon"":145.0651922632463}"
2026-09-12T00:58:51.825Z,"{""lat"":-37.63474743289952,""lon"":145.0651922632463}"
2026-09-12T00:58:51.827Z,"{""lat"":-37.63474743289952,""lon"":145.0651922632463}"
2026-09-12T00:58:52.833Z,"{""lat"":-37.63474743289952,""lon"":145.0651922632463}"
2026-09-12T00:58:52.835Z,"{""lat"":-37.63474743289952,""lon"":145.0651922632463}"
2026-09-12T00:58:53.842Z,"{""lat"":-37.63474743289952,""lon"":145.0651922632463}"
2026-09-12T00:58:53.843Z,"{""lat"":-37.63474743289952,""lon"":145.0651922632463}"
2026-09-12T00:58:54.843Z,"{""lat"":-37.63474743289952,""lon"":145.0651922632463}"
2026-09-12T00:58:54.844Z,"{""lat"":-37.63474743289952,""lon"":145.0651922632463}"
2026-09-12T00:58:55.851Z,"{""lat"":-37.63474743289952,""lon"":145.0651922632463}"
2026-09-12T00:58:55.853Z,"{""lat"":-37.63474743289952,""lon"":145.0651922632463}"
2026-09-12T00:58:56.852Z,"{""lat"":-37.63474743289952,""lon"":145.0651922632463}"
2026-09-12T00:58:56.853Z,"{""lat"":-37.63474743289952,""lon"":145.0651922632463}"
2026-09-12T00:58:57.86Z,"{""lat"":-37.63474743289952,""lon"":145.0651922632463}"
2026-09-12T00:58:57.861Z,"{""lat"":-37.63474743289952,""lon"":145.0651922632463}"
2026-09-12T00:58:58.869Z,"{""lat"":-37.63474743289952,""lon"":145.0651922632463}"
2026-09-12T00:58:58.87Z,"{""lat"":-37.63474743289952,""lon"":145.0651922632463}"
2026-09-12T00:58:59.871Z,"{""lat"":-37.63474743289952,""lon"":145.0651922632463}"
2026-09-12T00:59:00.879Z,"{""lat"":-37.63474743289952,""lon"":145.0651922632463}"
2026-09-12T00:59:01.885Z,"{""lat"":-37.63474743289952,""lon"":145.0651922632463}"
2026-09-12T00:59:01.886Z,"{""lat"":-37.63474743289952,""lon"":145.0651922632463}"
2026-09-12T00:59:02.887Z,"{""lat"":-37.63474743289952,""lon"":145.0651922632463}"
2026-09-12T00:59:02.888Z,"{""lat"":-37.63474743289952,""lon"":145.0651922632463}"
2026-09-12T00:59:03.898Z,"{""lat"":-37.63474743289952,""lon"":145.0651922632463}"
2026-09-12T00:59:03.899Z,"{""lat"":-37.63474743289952,""lon"":145.0651922632463}"
2026-09-12T00:59:04.897Z,"{""lat"":-37.63474743289952,""lon"":145.0651922632463}"
2026-09-12T00:59:04.9Z,"{""lat"":-37.63474743289952,""lon"":145.0651922632463}"
2026-09-12T00:59:05.905Z,"{""lat"":-37.63474743289952,""lon"":145.0651922632463}"
2026-09-12T00:59:05.907Z,"{""lat"":-37.63474743289952,""lon"":145.0651922632463}"
2026-09-12T00:59:06.908Z,"{""lat"":-37.63474743289952,""lon"":145.0651922632463}"
2026-09-12T00:59:07.915Z,"{""lat"":-37.63474743289952,""lon"":145.0651922632463}"
2026-09-12T00:59:07.916Z,"{""lat"":-37.63474743289952,""lon"":145.0651922632463}"
2026-09-12T00:59:08.923Z,"{""lat"":-37.63474743289952,""lon"":145.0651922632463}"
2026-09-12T00:59:08.924Z,"{""lat"":-37.63474743289952,""lon"":145.0651922632463}"
2026-09-12T00:59:09.931Z,"{""lat"":-37.63474743289952,""lon"":145.0651922632463}"
2026-09-12T00:59:09.933Z,"{""lat"":-37.63474743289952,""lon"":145.0651922632463}"
2026-09-12T00:59:10.932Z,"{""lat"":-37.63474743289952,""lon"":145.0651922632463}"
2026-09-12T00:59:10.935Z,"{""lat"":-37.63474743289952,""lon"":145.0651922632463}"
2026-09-12T00:59:11.94Z,"{""lat"":-37.63474743289952,""lon"":145.0651922632463}"
2026-09-12T00:59:11.942Z,"{""lat"":-37.63474743289952,""lon"":145.0651922632463}"
2026-09-12T00:59:12.949Z,"{""lat"":-37.63474743289952,""lon"":145.0651922632463}"
2026-09-12T00:59:12.95Z,"{""lat"":-37.63474743289952,""lon"":145.0651922632463}"
2026-09-12T00:59:13.957Z,"{""lat"":-37.63474743289952,""lon"":145.0651922632463}"
2026-09-12T00:59:13.959Z,"{""lat"":-37.63474743289952,""lon"":145.0651922632463}"
2026-09-12T00:59:14.958Z,"{""lat"":-37.63474743289952,""lon"":145.0651922632463}"
2026-09-12T00:59:14.959Z,"{""lat"":-37.63474743289952,""lon"":145.0651922632463}"
2026-09-12T00:59:15.966Z,"{""lat"":-37.63474743289952,""lon"":145.0651922632463}"
2026-09-12T00:59:15.967Z,"{""lat"":-37.63474743289952,""lon"":145.0651922632463}"
2026-09-12T00:59:16.967Z,"{""lat"":-37.63474743289952,""lon"":145.0651922632463}"
2026-09-12T00:59:16.969Z,"{""lat"":-37.63474743289952,""lon"":145.0651922632463}"
2026-09-12T00:59:17.976Z,"{""lat"":-37.63474743289952,""lon"":145.0651922632463}"
2026-09-12T00:59:17.977Z,"{""lat"":-37.63474743289952,""lon"":145.0651922632463}"
2026-09-12T00:59:18.983Z,"{""lat"":-37.63474743289952,""lon"":145.0651922632463}"
2026-09-12T00:59:18.985Z,"{""lat"":-37.63474743289952,""lon"":145.0651922632463}"
2026-09-12T00:59:19.992Z,"{""lat"":-37.63474743289952,""lon"":145.0651922632463}"
2026-09-12T00:59:19.994Z,"{""lat"":-37.63474743289952,""lon"":145.0651922632463}"
2026-09-12T00:59:21.002Z,"{""lat"":-37.63474743289952,""lon"":145.0651922632463}"
2026-09-12T00:59:21.004Z,"{""lat"":-37.63474743289952,""lon"":145.0651922632463}"
2026-09-12T00:59:22.01Z,"{""lat"":-37.63474743289952,""lon"":145.0651922632463}"
2026-09-12T00:59:22.011Z,"{""lat"":-37.63474743289952,""lon"":145.0651922632463}"
2026-09-12T00:59:23.019Z,"{""lat"":-37.63474743289952,""lon"":145.0651922632463}"
2026-09-12T00:59:23.02Z,"{""lat"":-37.63474743289952,""lon"":145.0651922632463}"
2026-09-12T00:59:24.027Z,"{""lat"":-37.63474743289952,""lon"":145.0651922632463}"
2026-09-12T00:59:24.028Z,"{""lat"":-37.63474743289952,""lon"":145.0651922632463}"
2026-09-12T00:59:25.035Z,"{""lat"":-37.63474743289952,""lon"":145.0651922632463}"
2026-09-12T00:59:25.037Z,"{""lat"":-37.63474743289952,""lon"":145.0651922632463}"
2026-09-12T00:59:26.037Z,"{""lat"":-37.63474743289952,""lon"":145.0651922632463}"
2026-09-12T00:59:27.051Z,"{""lat"":-37.63474743289952,""lon"":145.0651922632463}"
2026-09-12T00:59:27.052Z,"{""lat"":-37.63474743289952,""lon"":145.0651922632463}"
2026-09-12T00:59:28.057Z,"{""lat"":-37.63474743289952,""lon"":145.0651922632463}"
2026-09-12T00:59:28.06Z,"{""lat"":-37.63474743289952,""lon"":145.0651922632463}"
2026-09-12T00:59:29.061Z,"{""lat"":-37.63474743289952,""lon"":145.0651922632463}"
2026-09-12T00:59:29.062Z,"{""lat"":-37.63474743289952,""lon"":145.0651922632463}"
2026-09-12T00:59:30.068Z,"{""lat"":-37.63474743289952,""lon"":145.0651922632463}"
2026-09-12T00:59:30.071Z,"{""lat"":-37.63474743289952,""lon"":145.0651922632463}"
2026-09-12T00:59:31.072Z,"{""lat"":-37.63474743289952,""lon"":145.0651922632463}"
2026-09-12T00:59:31.076Z,"{""lat"":-37.63474743289952,""lon"":145.0651922632463}"
2026-09-12T00:59:32.07Z,"{""lat"":-37.63474743289952,""lon"":145.0651922632463}"
2026-09-12T00:59:32.072Z,"{""lat"":-37.63474743289952,""lon"":145.0651922632463}"
2026-09-12T00:59:33.082Z,"{""lat"":-37.63474743289952,""lon"":145.0651922632463}"
2026-09-12T00:59:33.085Z,"{""lat"":-37.63474743289952,""lon"":145.0651922632463}"
2026-09-12T00:59:34.08Z,"{""lat"":-37.63474743289952,""lon"":145.0651922632463}"
2026-09-12T00:59:34.081Z,"{""lat"":-37.63474743289952,""lon"":145.0651922632463}"
2026-09-12T00:59:35.086Z,"{""lat"":-37.63474743289952,""lon"":145.0651922632463}"
2026-09-12T00:59:35.088Z,"{""lat"":-37.63474743289952,""lon"":145.0651922632463}"
2026-09-12T00:59:36.096Z,"{""lat"":-37.63474743289952,""lon"":145.0651922632463}"
2026-09-12T00:59:36.097Z,"{""lat"":-37.63474743289952,""lon"":145.0651922632463}"
2026-09-12T00:59:37.105Z,"{""lat"":-37.63474743289952,""lon"":145.0651922632463}"
2026-09-12T00:59:37.106Z,"{""lat"":-37.63474743289952,""lon"":145.0651922632463}"
2026-09-12T00:59:38.106Z,"{""lat"":-37.63474743289952,""lon"":145.0651922632463}"
2026-09-12T00:59:39.113Z,"{""lat"":-37.63474743289952,""lon"":145.0651922632463}"
2026-09-12T00:59:39.114Z,"{""lat"":-37.63474743289952,""lon"":145.0651922632463}"
2026-09-12T00:59:40.122Z,"{""lat"":-37.63474743289952,""lon"":145.0651922632463}"
2026-09-12T00:59:40.123Z,"{""lat"":-37.63474743289952,""lon"":145.0651922632463}"
2026-09-12T00:59:41.131Z,"{""lat"":-37.63474743289952,""lon"":145.0651922632463}"
2026-09-12T00:59:41.132Z,"{""lat"":-37.63474743289952,""lon"":145.0651922632463}"
2026-09-12T00:59:42.131Z,"{""lat"":-37.63474743289952,""lon"":145.0651922632463}"
2026-09-12T00:59:42.132Z,"{""lat"":-37.63474743289952,""lon"":145.0651922632463}"
2026-09-12T00:59:43.139Z,"{""lat"":-37.63474743289952,""lon"":145.0651922632463}"
2026-09-12T00:59:43.14Z,"{""lat"":-37.63474743289952,""lon"":145.0651922632463}"
2026-09-12T00:59:44.148Z,"{""lat"":-37.63474743289952,""lon"":145.0651922632463}"
2026-09-12T00:59:44.149Z,"{""lat"":-37.63474743289952,""lon"":145.0651922632463}"
2026-09-12T00:59:45.161Z,"{""lat"":-37.63474743289952,""lon"":145.0651922632463}"
2026-09-12T00:59:45.163Z,"{""lat"":-37.63474743289952,""lon"":145.0651922632463}"
2026-09-12T00:59:46.177Z,"{""lat"":-37.63474743289952,""lon"":145.0651922632463}"
2026-09-12T00:59:46.181Z,"{""lat"":-37.63474743289952,""lon"":145.0651922632463}"
2026-09-12T00:59:47.166Z,"{""lat"":-37.63474743289952,""lon"":145.0651922632463}"
2026-09-12T00:59:47.167Z,"{""lat"":-37.63474743289952,""lon"":145.0651922632463}"
2026-09-12T00:59:48.177Z,"{""lat"":-37.63474743289952,""lon"":145.0651922632463}"
2026-09-12T00:59:48.18Z,"{""lat"":-37.63474743289952,""lon"":145.0651922632463}"
2026-09-12T00:59:49.176Z,"{""lat"":-37.63474743289952,""lon"":145.0651922632463}"
2026-09-12T00:59:49.178Z,"{""lat"":-37.63474743289952,""lon"":145.0651922632463}"
2026-09-12T00:59:50.188Z,"{""lat"":-37.63474743289952,""lon"":145.0651922632463}"
2026-09-12T00:59:50.19Z,"{""lat"":-37.63474743289952,""lon"":145.0651922632463}"
2026-09-12T00:59:51.188Z,"{""lat"":-37.63474743289952,""lon"":145.0651922632463}"
2026-09-12T00:59:51.189Z,"{""lat"":-37.63474743289952,""lon"":145.0651922632463}"
2026-09-12T00:59:52.195Z,"{""lat"":-37.63474743289952,""lon"":145.0651922632463}"
2026-09-12T00:59:52.196Z,"{""lat"":-37.63474743289952,""lon"":145.0651922632463}"
2026-09-12T00:59:53.198Z,"{""lat"":-37.63474743289952,""lon"":145.0651922632463}"
2026-09-12T00:59:53.199Z,"{""lat"":-37.63474743289952,""lon"":145.0651922632463}"
2026-09-12T00:59:54.202Z,"{""lat"":-37.63474743289952,""lon"":145.0651922632463}"
2026-09-12T00:59:54.203Z,"{""lat"":-37.63474743289952,""lon"":145.0651922632463}"
2026-09-12T00:59:55.206Z,"{""lat"":-37.63474743289952,""lon"":145.0651922632463}"
2026-09-12T00:59:55.207Z,"{""lat"":-37.63474743289952,""lon"":145.0651922632463}"
2026-09-12T00:59:56.22Z,"{""lat"":-37.63474743289952,""lon"":145.0651922632463}"
2026-09-12T00:59:56.224Z,"{""lat"":-37.63474743289952,""lon"":145.0651922632463}"
2026-09-12T00:59:57.214Z,"{""lat"":-37.63474743289952,""lon"":145.0651922632463}"
2026-09-12T00:59:57.216Z,"{""lat"":-37.63474743289952,""lon"":145.0651922632463}"
2026-09-12T00:59:58.22Z,"{""lat"":-37.63474743289952,""lon"":145.0651922632463}"
2026-09-12T00:59:58.221Z,"{""lat"":-37.63474743289952,""lon"":145.0651922632463}"
2026-09-12T00:59:59.221Z,"{""lat"":-37.63474743289952,""lon"":145.0651922632463}"
2026-09-12T01:00:00.229Z,"{""lat"":-37.63474743289952,""lon"":145.0651922632463}"
2026-09-12T01:00:00.23Z,"{""lat"":-37.63474743289952,""lon"":145.0651922632463}"
2026-09-12T01:00:01.23Z,"{""lat"":-37.63474743289952,""lon"":145.0651922632463}"
2026-09-12T01:00:02.237Z,"{""lat"":-37.63474743289952,""lon"":145.0651922632463}"
2026-09-12T01:00:02.238Z,"{""lat"":-37.63474743289952,""lon"":145.0651922632463}"
2026-09-12T01:00:03.239Z,"{""lat"":-37.63474743289952,""lon"":145.0651922632463}"
2026-09-12T01:00:03.241Z,"{""lat"":-37.63474743289952,""lon"":145.0651922632463}"
2026-09-12T01:00:04.248Z,"{""lat"":-37.63474743289952,""lon"":145.0651922632463}"
2026-09-12T01:00:04.249Z,"{""lat"":-37.63474743289952,""lon"":145.0651922632463}"
2026-09-12T01:00:05.247Z,"{""lat"":-37.63474743289952,""lon"":145.0651922632463}"
2026-09-12T01:00:05.248Z,"{""lat"":-37.63474743289952,""lon"":145.0651922632463}"
2026-09-12T01:00:06.257Z,"{""lat"":-37.63474743289952,""lon"":145.0651922632463}"
2026-09-12T01:00:06.258Z,"{""lat"":-37.63474743289952,""lon"":145.0651922632463}"
2026-09-12T01:00:07.264Z,"{""lat"":-37.63474743289952,""lon"":145.0651922632463}"
2026-09-12T01:00:07.266Z,"{""lat"":-37.63474743289952,""lon"":145.0651922632463}"
2026-09-12T01:00:08.272Z,"{""lat"":-37.63474743289952,""lon"":145.0651922632463}"
2026-09-12T01:00:08.274Z,"{""lat"":-37.63474743289952,""lon"":145.0651922632463}"
2026-09-12T01:00:09.274Z,"{""lat"":-37.63474743289952,""lon"":145.0651922632463}"
2026-09-12T01:00:09.276Z,"{""lat"":-37.63474743289952,""lon"":145.0651922632463}"
2026-09-12T01:00:10.282Z,"{""lat"":-37.63474743289952,""lon"":145.0651922632463}"
2026-09-12T01:00:10.283Z,"{""lat"":-37.63474743289952,""lon"":145.0651922632463}"
2026-09-12T01:00:11.29Z,"{""lat"":-37.63474743289952,""lon"":145.0651922632463}"
2026-09-12T01:00:11.291Z,"{""lat"":-37.63474743289952,""lon"":145.0651922632463}"
2026-09-12T01:00:12.298Z,"{""lat"":-37.63474743289952,""lon"":145.0651922632463}"
2026-09-12T01:00:12.3Z,"{""lat"":-37.63474743289952,""lon"":145.0651922632463}"
2026-09-12T01:00:13.3Z,"{""lat"":-37.63474743289952,""lon"":145.0651922632463}"
2026-09-12T01:00:13.301Z,"{""lat"":-37.63474743289952,""lon"":145.0651922632463}"
2026-09-12T01:00:14.308Z,"{""lat"":-37.63474743289952,""lon"":145.0651922632463}"
2026-09-12T01:00:14.309Z,"{""lat"":-37.63474743289952,""lon"":145.0651922632463}"
2026-09-12T01:00:15.309Z,"{""lat"":-37.63474743289952,""lon"":145.0651922632463}"
2026-09-12T01:00:15.31Z,"{""lat"":-37.63474743289952,""lon"":145.0651922632463}"
2026-09-12T01:00:16.321Z,"{""lat"":-37.63474743289952,""lon"":145.0651922632463}"
2026-09-12T01:00:16.325Z,"{""lat"":-37.63474743289952,""lon"":145.0651922632463}"
2026-09-12T01:00:17.332Z,"{""lat"":-37.63474743289952,""lon"":145.0651922632463}"
2026-09-12T01:00:17.335Z,"{""lat"":-37.63474743289952,""lon"":145.0651922632463}"
2026-09-12T01:00:18.327Z,"{""lat"":-37.63474743289952,""lon"":145.0651922632463}"
2026-09-12T01:00:18.33Z,"{""lat"":-37.63474743289952,""lon"":145.0651922632463}"
2026-09-12T01:00:19.339Z,"{""lat"":-37.63474743289952,""lon"":145.0651922632463}"
2026-09-12T01:00:19.342Z,"{""lat"":-37.63474743289952,""lon"":145.0651922632463}"
2026-09-12T01:00:20.335Z,"{""lat"":-37.63474743289952,""lon"":145.0651922632463}"
2026-09-12T01:00:20.337Z,"{""lat"":-37.63474743289952,""lon"":145.0651922632463}"
2026-09-12T01:00:21.346Z,"{""lat"":-37.63474743289952,""lon"":145.0651922632463}"
2026-09-12T01:00:21.35Z,"{""lat"":-37.63474743289952,""lon"":145.0651922632463}"
2026-09-12T01:00:22.352Z,"{""lat"":-37.63474743289952,""lon"":145.0651922632463}"
2026-09-12T01:00:22.354Z,"{""lat"":-37.63474743289952,""lon"":145.0651922632463}"
2026-09-12T01:00:23.354Z,"{""lat"":-37.63474743289952,""lon"":145.0651922632463}"
2026-09-12T01:00:23.355Z,"{""lat"":-37.63474743289952,""lon"":145.0651922632463}"
2026-09-12T01:00:24.362Z,"{""lat"":-37.63474743289952,""lon"":145.0651922632463}"
2026-09-12T01:00:24.363Z,"{""lat"":-37.63474743289952,""lon"":145.0651922632463}"
2026-09-12T01:00:25.372Z,"{""lat"":-37.63474743289952,""lon"":145.0651922632463}"
2026-09-12T01:00:25.373Z,"{""lat"":-37.63474743289952,""lon"":145.0651922632463}"
2026-09-12T01:00:26.372Z,"{""lat"":-37.63474743289952,""lon"":145.0651922632463}"
2026-09-12T01:00:26.373Z,"{""lat"":-37.63474743289952,""lon"":145.0651922632463}"
2026-09-12T01:00:27.373Z,"{""lat"":-37.63474743289952,""lon"":145.0651922632463}"
2026-09-12T01:00:28.382Z,"{""lat"":-37.63474743289952,""lon"":145.0651922632463}"
2026-09-12T01:00:28.384Z,"{""lat"":-37.63474743289952,""lon"":145.0651922632463}"
2026-09-12T01:00:29.382Z,"{""lat"":-37.63474743289952,""lon"":145.0651922632463}"
2026-09-12T01:00:29.384Z,"{""lat"":-37.63474743289952,""lon"":145.0651922632463}"
2026-09-12T01:00:30.396Z,"{""lat"":-37.63474743289952,""lon"":145.0651922632463}"
2026-09-12T01:00:30.4Z,"{""lat"":-37.63474743289952,""lon"":145.0651922632463}"
2026-09-12T01:00:31.399Z,"{""lat"":-37.63474743289952,""lon"":145.0651922632463}"
2026-09-12T01:00:31.402Z,"{""lat"":-37.63474743289952,""lon"":145.0651922632463}"
2026-09-12T01:00:32.408Z,"{""lat"":-37.63474743289952,""lon"":145.0651922632463}"
2026-09-12T01:00:32.41Z,"{""lat"":-37.63474743289952,""lon"":145.0651922632463}"
2026-09-12T01:00:33.429Z,"{""lat"":-37.63474743289952,""lon"":145.0651922632463}"
2026-09-12T01:00:33.432Z,"{""lat"":-37.63474743289952,""lon"":145.0651922632463}"
2026-09-12T01:00:34.426Z,"{""lat"":-37.63474743289952,""lon"":145.0651922632463}"
2026-09-12T01:00:34.427Z,"{""lat"":-37.63474743289952,""lon"":145.0651922632463}"
2026-09-12T01:00:35.437Z,"{""lat"":-37.63474743289952,""lon"":145.0651922632463}"
2026-09-12T01:00:35.44Z,"{""lat"":-37.63474743289952,""lon"":145.0651922632463}"
2026-09-12T01:00:36.427Z,"{""lat"":-37.63474743289952,""lon"":145.0651922632463}"
2026-09-12T01:00:36.437Z,"{""lat"":-37.63474743289952,""lon"":145.0651922632463}"
2026-09-12T01:00:37.436Z,"{""lat"":-37.63474743289952,""lon"":145.0651922632463}"
2026-09-12T01:00:37.437Z,"{""lat"":-37.63474743289952,""lon"":145.0651922632463}"
2026-09-12T01:00:38.437Z,"{""lat"":-37.63474743289952,""lon"":145.0651922632463}"
2026-09-12T01:00:39.446Z,"{""lat"":-37.63474743289952,""lon"":145.0651922632463}"
2026-09-12T01:00:39.447Z,"{""lat"":-37.63474743289952,""lon"":145.0651922632463}"
2026-09-12T01:00:40.456Z,"{""lat"":-37.63474743289952,""lon"":145.0651922632463}"
2026-09-12T01:00:40.457Z,"{""lat"":-37.63474743289952,""lon"":145.0651922632463}"
2026-09-12T01:00:41.463Z,"{""lat"":-37.63474743289952,""lon"":145.0651922632463}"
2026-09-12T01:00:41.464Z,"{""lat"":-37.63474743289952,""lon"":145.0651922632463}"
2026-09-12T01:00:42.472Z,"{""lat"":-37.63474743289952,""lon"":145.0651922632463}"
2026-09-12T01:00:42.473Z,"{""lat"":-37.63474743289952,""lon"":145.0651922632463}"
2026-09-12T01:00:43.48Z,"{""lat"":-37.63474743289952,""lon"":145.0651922632463}"
2026-09-12T01:00:43.481Z,"{""lat"":-37.63474743289952,""lon"":145.0651922632463}"
2026-09-12T01:00:44.48Z,"{""lat"":-37.63474743289952,""lon"":145.0651922632463}"
2026-09-12T01:00:45.497Z,"{""lat"":-37.63474743289952,""lon"":145.0651922632463}"
2026-09-12T01:00:45.498Z,"{""lat"":-37.63474743289952,""lon"":145.0651922632463}"
2026-09-12T01:00:46.492Z,"{""lat"":-37.63474743289952,""lon"":145.0651922632463}"
2026-09-12T01:00:46.493Z,"{""lat"":-37.63474743289952,""lon"":145.0651922632463}"
2026-09-12T01:00:47.504Z,"{""lat"":-37.63474743289952,""lon"":145.0651922632463}"
2026-09-12T01:00:47.505Z,"{""lat"":-37.63474743289952,""lon"":145.0651922632463}"
2026-09-12T01:00:48.516Z,"{""lat"":-37.63474743289952,""lon"":145.0651922632463}"
2026-09-12T01:00:49.51Z,"{""lat"":-37.63474743289952,""lon"":145.0651922632463}"
2026-09-12T01:00:49.511Z,"{""lat"":-37.63474743289952,""lon"":145.0651922632463}"
2026-09-12T01:00:50.511Z,"{""lat"":-37.63474743289952,""lon"":145.0651922632463}"
2026-09-12T01:00:50.512Z,"{""lat"":-37.63474743289952,""lon"":145.0651922632463}"
2026-09-12T01:00:51.519Z,"{""lat"":-37.63474743289952,""lon"":145.0651922632463}"
2026-09-12T01:00:51.52Z,"{""lat"":-37.63474743289952,""lon"":145.0651922632463}"
2026-09-12T01:00:52.525Z,"{""lat"":-37.63474743289952,""lon"":145.0651922632463}"
2026-09-12T01:00:52.526Z,"{""lat"":-37.63474743289952,""lon"":145.0651922632463}"
2026-09-12T01:00:53.52Z,"{""lat"":-37.63474743289952,""lon"":145.0651922632463}"
2026-09-12T01:00:53.521Z,"{""lat"":-37.63474743289952,""lon"":145.0651922632463}"
2026-09-12T01:00:54.531Z,"{""lat"":-37.63474743289952,""lon"":145.0651922632463}"
2026-09-12T01:00:54.534Z,"{""lat"":-37.63474743289952,""lon"":145.0651922632463}"
2026-09-12T01:00:55.532Z,"{""lat"":-37.63474743289952,""lon"":145.0651922632463}"
2026-09-12T01:00:55.533Z,"{""lat"":-37.63474743289952,""lon"":145.0651922632463}"
2026-09-12T01:00:56.537Z,"{""lat"":-37.63474743289952,""lon"":145.0651922632463}"
2026-09-12T01:00:56.54Z,"{""lat"":-37.63474743289952,""lon"":145.0651922632463}"
2026-09-12T01:00:57.539Z,"{""lat"":-37.63474743289952,""lon"":145.0651922632463}"
2026-09-12T01:00:57.54Z,"{""lat"":-37.63474743289952,""lon"":145.0651922632463}"
2026-09-12T01:00:58.548Z,"{""lat"":-37.63474743289952,""lon"":145.0651922632463}"
2026-09-12T01:00:58.549Z,"{""lat"":-37.63474743289952,""lon"":145.0651922632463}"
2026-09-12T01:00:59.558Z,"{""lat"":-37.63474743289952,""lon"":145.0651922632463}"
2026-09-12T01:00:59.56Z,"{""lat"":-37.63474743289952,""lon"":145.0651922632463}"
2026-09-12T01:01:00.559Z,"{""lat"":-37.63474743289952,""lon"":145.0651922632463}"
2026-09-12T01:01:00.56Z,"{""lat"":-37.63474743289952,""lon"":145.0651922632463}"
2026-09-12T01:01:01.569Z,"{""lat"":-37.63474743289952,""lon"":145.0651922632463}"
2026-09-12T01:01:01.57Z,"{""lat"":-37.63474743289952,""lon"":145.0651922632463}"
2026-09-12T01:01:02.577Z,"{""lat"":-37.63474743289952,""lon"":145.0651922632463}"
2026-09-12T01:01:02.581Z,"{""lat"":-37.63474743289952,""lon"":145.0651922632463}"
2026-09-12T01:01:03.593Z,"{""lat"":-37.63474743289952,""lon"":145.0651922632463}"
2026-09-12T01:01:03.597Z,"{""lat"":-37.63474743289952,""lon"":145.0651922632463}"
2026-09-12T01:01:04.597Z,"{""lat"":-37.63474743289952,""lon"":145.0651922632463}"
2026-09-12T01:01:04.598Z,"{""lat"":-37.63474743289952,""lon"":145.0651922632463}"
2026-09-12T01:01:05.598Z,"{""lat"":-37.63474743289952,""lon"":145.0651922632463}"
2026-09-12T01:01:05.602Z,"{""lat"":-37.63474743289952,""lon"":145.0651922632463}"
2026-09-12T01:01:06.608Z,"{""lat"":-37.63474743289952,""lon"":145.0651922632463}"
2026-09-12T01:01:06.611Z,"{""lat"":-37.63474743289952,""lon"":145.0651922632463}"
2026-09-12T01:01:07.611Z,"{""lat"":-37.63474743289952,""lon"":145.0651922632463}"
2026-09-12T01:01:08.626Z,"{""lat"":-37.63474743289952,""lon"":145.0651922632463}"
2026-09-12T01:01:08.63Z,"{""lat"":-37.63474743289952,""lon"":145.0651922632463}"
2026-09-12T01:01:09.635Z,"{""lat"":-37.63474743289952,""lon"":145.0651922632463}"
2026-09-12T01:01:09.636Z,"{""lat"":-37.63474743289952,""lon"":145.0651922632463}"
2026-09-12T01:01:10.642Z,"{""lat"":-37.63474743289952,""lon"":145.0651922632463}"
2026-09-12T01:01:10.644Z,"{""lat"":-37.63474743289952,""lon"":145.0651922632463}"
2026-09-12T01:01:11.654Z,"{""lat"":-37.63474743289952,""lon"":145.0651922632463}"
2026-09-12T01:01:11.655Z,"{""lat"":-37.63474743289952,""lon"":145.0651922632463}"
2026-09-12T01:01:12.665Z,"{""lat"":-37.63474743289952,""lon"":145.0651922632463}"
2026-09-12T01:01:12.668Z,"{""lat"":-37.63474743289952,""lon"":145.0651922632463}"
2026-09-12T01:01:13.658Z,"{""lat"":-37.63474743289952,""lon"":145.0651922632463}"
2026-09-12T01:01:13.659Z,"{""lat"":-37.63474743289952,""lon"":145.0651922632463}"
2026-09-12T01:01:14.663Z,"{""lat"":-37.63474743289952,""lon"":145.0651922632463}"
2026-09-12T01:01:14.667Z,"{""lat"":-37.63474743289952,""lon"":145.0651922632463}"
2026-09-12T01:01:15.669Z,"{""lat"":-37.63474743289952,""lon"":145.0651922632463}"
2026-09-12T01:01:15.67Z,"{""lat"":-37.63474743289952,""lon"":145.0651922632463}"
2026-09-12T01:01:16.681Z,"{""lat"":-37.63474743289952,""lon"":145.0651922632463}"
2026-09-12T01:01:16.684Z,"{""lat"":-37.63474743289952,""lon"":145.0651922632463}"
2026-09-12T01:01:17.676Z,"{""lat"":-37.63474743289952,""lon"":145.0651922632463}"
2026-09-12T01:01:17.678Z,"{""lat"":-37.63474743289952,""lon"":145.0651922632463}"
2026-09-12T01:01:18.679Z,"{""lat"":-37.63474743289952,""lon"":145.0651922632463}"
2026-09-12T01:01:18.683Z,"{""lat"":-37.63474743289952,""lon"":145.0651922632463}"
2026-09-12T01:01:19.685Z,"{""lat"":-37.63474743289952,""lon"":145.0651922632463}"
2026-09-12T01:01:19.687Z,"{""lat"":-37.63474743289952,""lon"":145.0651922632463}"
2026-09-12T01:01:20.694Z,"{""lat"":-37.63474743289952,""lon"":145.0651922632463}"
2026-09-12T01:01:20.696Z,"{""lat"":-37.63474743289952,""lon"":145.0651922632463}"
2026-09-12T01:01:21.703Z,"{""lat"":-37.63474743289952,""lon"":145.0651922632463}"
2026-09-12T01:01:21.704Z,"{""lat"":-37.63474743289952,""lon"":145.0651922632463}"
2026-09-12T01:01:22.712Z,"{""lat"":-37.63474743289952,""lon"":145.0651922632463}"
2026-09-12T01:01:22.714Z,"{""lat"":-37.63474743289952,""lon"":145.0651922632463}"
2026-09-12T01:01:23.721Z,"{""lat"":-37.63474743289952,""lon"":145.0651922632463}"
2026-09-12T01:01:24.735Z,"{""lat"":-37.63474743289952,""lon"":145.0651922632463}"
2026-09-12T01:01:24.738Z,"{""lat"":-37.63474743289952,""lon"":145.0651922632463}"
2026-09-12T01:01:25.739Z,"{""lat"":-37.63474743289952,""lon"":145.0651922632463}"
2026-09-12T01:01:25.741Z,"{""lat"":-37.63474743289952,""lon"":145.0651922632463}"
2026-09-12T01:01:26.748Z,"{""lat"":-37.63474743289952,""lon"":145.0651922632463}"
2026-09-12T01:01:26.749Z,"{""lat"":-37.63474743289952,""lon"":145.0651922632463}"
2026-09-12T01:01:27.758Z,"{""lat"":-37.63474743289952,""lon"":145.0651922632463}"
2026-09-12T01:01:27.759Z,"{""lat"":-37.63474743289952,""lon"":145.0651922632463}"
2026-09-12T01:01:28.774Z,"{""lat"":-37.63474743289952,""lon"":145.0651922632463}"
2026-09-12T01:01:28.778Z,"{""lat"":-37.63474743289952,""lon"":145.0651922632463}"
2026-09-12T01:01:29.78Z,"{""lat"":-37.63474743289952,""lon"":145.0651922632463}"
2026-09-12T01:01:29.781Z,"{""lat"":-37.63474743289952,""lon"":145.0651922632463}"
2026-09-12T01:01:30.784Z,"{""lat"":-37.63474743289952,""lon"":145.0651922632463}"
2026-09-12T01:01:30.786Z,"{""lat"":-37.63474743289952,""lon"":145.0651922632463}"
2026-09-12T01:01:31.797Z,"{""lat"":-37.63474743289952,""lon"":145.0651922632463}"
2026-09-12T01:01:31.799Z,"{""lat"":-37.63474743289952,""lon"":145.0651922632463}"
2026-09-12T01:01:32.808Z,"{""lat"":-37.63474743289952,""lon"":145.0651922632463}"
2026-09-12T01:01:32.812Z,"{""lat"":-37.63474743289952,""lon"":145.0651922632463}"
2026-09-12T01:01:33.815Z,"{""lat"":-37.63474743289952,""lon"":145.0651922632463}"
2026-09-12T01:01:33.817Z,"{""lat"":-37.63474743289952,""lon"":145.0651922632463}"
2026-09-12T01:01:34.822Z,"{""lat"":-37.63474743289952,""lon"":145.0651922632463}"
2026-09-12T01:01:34.823Z,"{""lat"":-37.63474743289952,""lon"":145.0651922632463}"
2026-09-12T01:01:35.831Z,"{""lat"":-37.63474743289952,""lon"":145.0651922632463}"
2026-09-12T01:01:35.832Z,"{""lat"":-37.63474743289952,""lon"":145.0651922632463}"
2026-09-12T01:01:36.844Z,"{""lat"":-37.63474743289952,""lon"":145.0651922632463}"
2026-09-12T01:01:36.845Z,"{""lat"":-37.63474743289952,""lon"":145.0651922632463}"
2026-09-12T01:01:37.845Z,"{""lat"":-37.63474743289952,""lon"":145.0651922632463}"
2026-09-12T01:01:37.849Z,"{""lat"":-37.63474743289952,""lon"":145.0651922632463}"
2026-09-12T01:01:38.843Z,"{""lat"":-37.63474743289952,""lon"":145.0651922632463}"
2026-09-12T01:01:38.847Z,"{""lat"":-37.63474743289952,""lon"":145.0651922632463}"
2026-09-12T01:01:39.852Z,"{""lat"":-37.63474743289952,""lon"":145.0651922632463}"
2026-09-12T01:01:39.853Z,"{""lat"":-37.63474743289952,""lon"":145.0651922632463}"
2026-09-12T01:01:40.855Z,"{""lat"":-37.63474743289952,""lon"":145.0651922632463}"
2026-09-12T01:01:40.857Z,"{""lat"":-37.63474743289952,""lon"":145.0651922632463}"
2026-09-12T01:01:41.853Z,"{""lat"":-37.63474743289952,""lon"":145.0651922632463}"
2026-09-12T01:01:41.857Z,"{""lat"":-37.63474743289952,""lon"":145.0651922632463}"
2026-09-12T01:01:42.867Z,"{""lat"":-37.63474743289952,""lon"":145.0651922632463}"
2026-09-12T01:01:42.87Z,"{""lat"":-37.63474743289952,""lon"":145.0651922632463}"
2026-09-12T01:01:43.868Z,"{""lat"":-37.63474743289952,""lon"":145.0651922632463}"
2026-09-12T01:01:43.872Z,"{""lat"":-37.63474743289952,""lon"":145.0651922632463}"
2026-09-12T01:01:44.876Z,"{""lat"":-37.63474743289952,""lon"":145.0651922632463}"
2026-09-12T01:01:44.878Z,"{""lat"":-37.63474743289952,""lon"":145.0651922632463}"
2026-09-12T01:01:45.886Z,"{""lat"":-37.63474743289952,""lon"":145.0651922632463}"
2026-09-12T01:01:46.9Z,"{""lat"":-37.63474743289952,""lon"":145.0651922632463}"
2026-09-12T01:01:46.901Z,"{""lat"":-37.63474743289952,""lon"":145.0651922632463}"
2026-09-12T01:01:47.902Z,"{""lat"":-37.63474743289952,""lon"":145.0651922632463}"
2026-09-12T01:01:47.903Z,"{""lat"":-37.63474743289952,""lon"":145.0651922632463}"
2026-09-12T01:01:48.904Z,"{""lat"":-37.63474743289952,""lon"":145.0651922632463}"
2026-09-12T01:01:48.905Z,"{""lat"":-37.63474743289952,""lon"":145.0651922632463}"
2026-09-12T01:01:49.913Z,"{""lat"":-37.63474743289952,""lon"":145.0651922632463}"
2026-09-12T01:01:49.916Z,"{""lat"":-37.63474743289952,""lon"":145.0651922632463}"
2026-09-12T01:01:50.917Z,"{""lat"":-37.63474743289952,""lon"":145.0651922632463}"
2026-09-12T01:01:50.92Z,"{""lat"":-37.63474743289952,""lon"":145.0651922632463}"
2026-09-12T01:01:51.922Z,"{""lat"":-37.63474743289952,""lon"":145.0651922632463}"
2026-09-12T01:01:51.925Z,"{""lat"":-37.63474743289952,""lon"":145.0651922632463}"
2026-09-12T01:01:52.925Z,"{""lat"":-37.63474743289952,""lon"":145.0651922632463}"
2026-09-12T01:01:52.926Z,"{""lat"":-37.63474743289952,""lon"":145.0651922632463}"
2026-09-12T01:01:53.932Z,"{""lat"":-37.63474743289952,""lon"":145.0651922632463}"
2026-09-12T01:01:53.934Z,"{""lat"":-37.63474743289952,""lon"":145.0651922632463}"
2026-09-12T01:01:54.941Z,"{""lat"":-37.63474743289952,""lon"":145.0651922632463}"
2026-09-12T01:01:54.946Z,"{""lat"":-37.63474743289952,""lon"":145.0651922632463}"
2026-09-12T01:01:55.954Z,"{""lat"":-37.63474743289952,""lon"":145.0651922632463}"
2026-09-12T01:01:55.955Z,"{""lat"":-37.63474743289952,""lon"":145.0651922632463}"
2026-09-12T01:01:56.959Z,"{""lat"":-37.63474743289952,""lon"":145.0651922632463}"
2026-09-12T01:01:56.96Z,"{""lat"":-37.63474743289952,""lon"":145.0651922632463}"
2026-09-12T01:01:57.968Z,"{""lat"":-37.63474743289952,""lon"":145.0651922632463}"
2026-09-12T01:01:57.972Z,"{""lat"":-37.63474743289952,""lon"":145.0651922632463}"
2026-09-12T01:01:58.969Z,"{""lat"":-37.63474743289952,""lon"":145.0651922632463}"
2026-09-12T01:01:58.97Z,"{""lat"":-37.63474743289952,""lon"":145.0651922632463}"
2026-09-12T01:01:59.979Z,"{""lat"":-37.63474743289952,""lon"":145.0651922632463}"
2026-09-12T01:01:59.98Z,"{""lat"":-37.63474743289952,""lon"":145.0651922632463}"
2026-09-12T01:02:00.98Z,"{""lat"":-37.63474743289952,""lon"":145.0651922632463}"
2026-09-12T01:02:00.981Z,"{""lat"":-37.63474743289952,""lon"":145.0651922632463}"
2026-09-12T01:02:01.991Z,"{""lat"":-37.63474743289952,""lon"":145.0651922632463}"
2026-09-12T01:02:01.992Z,"{""lat"":-37.63474743289952,""lon"":145.0651922632463}"
2026-09-12T01:02:02.991Z,"{""lat"":-37.63474743289952,""lon"":145.0651922632463}"
2026-09-12T01:02:02.994Z,"{""lat"":-37.63474743289952,""lon"":145.0651922632463}"
2026-09-12T01:02:03.998Z,"{""lat"":-37.63474743289952,""lon"":145.0651922632463}"
2026-09-12T01:02:03.999Z,"{""lat"":-37.63474743289952,""lon"":145.0651922632463}"
2026-09-12T01:02:05.013Z,"{""lat"":-37.63474743289952,""lon"":145.0651922632463}"
2026-09-12T01:02:05.016Z,"{""lat"":-37.63474743289952,""lon"":145.0651922632463}"
2026-09-12T01:02:06.008Z,"{""lat"":-37.63474743289952,""lon"":145.0651922632463}"
2026-09-12T01:02:06.01Z,"{""lat"":-37.63474743289952,""lon"":145.0651922632463}"
2026-09-12T01:02:07.013Z,"{""lat"":-37.63474743289952,""lon"":145.0651922632463}"
2026-09-12T01:02:07.015Z,"{""lat"":-37.63474743289952,""lon"":145.0651922632463}"
2026-09-12T01:02:08.015Z,"{""lat"":-37.63474743289952,""lon"":145.0651922632463}"
2026-09-12T01:02:08.017Z,"{""lat"":-37.63474743289952,""lon"":145.0651922632463}"
2026-09-12T01:02:09.012Z,"{""lat"":-37.63474743289952,""lon"":145.0651922632463}"
2026-09-12T01:02:09.014Z,"{""lat"":-37.63474743289952,""lon"":145.0651922632463}"
2026-09-12T01:02:10.022Z,"{""lat"":-37.63474743289952,""lon"":145.0651922632463}"
2026-09-12T01:02:11.023Z,"{""lat"":-37.63474743289952,""lon"":145.0651922632463}"
2026-09-12T01:02:11.024Z,"{""lat"":-37.63474743289952,""lon"":145.0651922632463}"
2026-09-12T01:02:12.024Z,"{""lat"":-37.63474743289952,""lon"":145.0651922632463}"
2026-09-12T01:02:12.025Z,"{""lat"":-37.63474743289952,""lon"":145.0651922632463}"
2026-09-12T01:02:13.022Z,"{""lat"":-37.63474743289952,""lon"":145.0651922632463}"
2026-09-12T01:02:14.023Z,"{""lat"":-37.63474743289952,""lon"":145.0651922632463}"
2026-09-12T01:02:14.024Z,"{""lat"":-37.63474743289952,""lon"":145.0651922632463}"
2026-09-12T01:02:15.032Z,"{""lat"":-37.63474743289952,""lon"":145.0651922632463}"
2026-09-12T01:02:15.033Z,"{""lat"":-37.63474743289952,""lon"":145.0651922632463}"
2026-09-12T01:02:16.032Z,"{""lat"":-37.63474743289952,""lon"":145.0651922632463}"
2026-09-12T01:02:16.034Z,"{""lat"":-37.63474743289952,""lon"":145.0651922632463}"
2026-09-12T01:02:17.033Z,"{""lat"":-37.63474743289952,""lon"":145.0651922632463}"
2026-09-12T01:02:17.034Z,"{""lat"":-37.63474743289952,""lon"":145.0651922632463}"
2026-09-12T01:02:18.04Z,"{""lat"":-37.63474743289952,""lon"":145.0651922632463}"
2026-09-12T01:02:18.041Z,"{""lat"":-37.63474743289952,""lon"":145.0651922632463}"
2026-09-12T01:02:19.035Z,"{""lat"":-37.63474743289952,""lon"":145.0651922632463}"
2026-09-12T01:02:19.036Z,"{""lat"":-37.63474743289952,""lon"":145.0651922632463}"
2026-09-12T01:02:20.043Z,"{""lat"":-37.63474743289952,""lon"":145.0651922632463}"
2026-09-12T01:02:20.044Z,"{""lat"":-37.63474743289952,""lon"":145.0651922632463}"
2026-09-12T01:02:21.049Z,"{""lat"":-37.63474743289952,""lon"":145.0651922632463}"
2026-09-12T01:02:21.051Z,"{""lat"":-37.63474743289952,""lon"":145.0651922632463}"
2026-09-12T01:02:22.045Z,"{""lat"":-37.63474743289952,""lon"":145.0651922632463}"
2026-09-12T01:02:22.046Z,"{""lat"":-37.63474743289952,""lon"":145.0651922632463}"
2026-09-12T01:02:23.046Z,"{""lat"":-37.63474743289952,""lon"":145.0651922632463}"
2026-09-12T01:02:23.047Z,"{""lat"":-37.63474743289952,""lon"":145.0651922632463}"
2026-09-12T01:02:24.048Z,"{""lat"":-37.63474743289952,""lon"":145.0651922632463}"
2026-09-12T01:02:24.049Z,"{""lat"":-37.63474743289952,""lon"":145.0651922632463}"
2026-09-12T01:02:25.059Z,"{""lat"":-37.63474743289952,""lon"":145.0651922632463}"
2026-09-12T01:02:26.066Z,"{""lat"":-37.63474743289952,""lon"":145.0651922632463}"
2026-09-12T01:02:26.07Z,"{""lat"":-37.63474743289952,""lon"":145.0651922632463}"
2026-09-12T01:02:27.071Z,"{""lat"":-37.63474743289952,""lon"":145.0651922632463}"
2026-09-12T01:02:27.075Z,"{""lat"":-37.63474743289952,""lon"":145.0651922632463}"
2026-09-12T01:02:28.076Z,"{""lat"":-37.63474743289952,""lon"":145.0651922632463}"
2026-09-12T01:02:28.077Z,"{""lat"":-37.63474743289952,""lon"":145.0651922632463}"
2026-09-12T01:02:29.077Z,"{""lat"":-37.63474743289952,""lon"":145.0651922632463}"
2026-09-12T01:02:30.093Z,"{""lat"":-37.63474743289952,""lon"":145.0651922632463}"
2026-09-12T01:02:30.097Z,"{""lat"":-37.63474743289952,""lon"":145.0651922632463}"
2026-09-12T01:02:31.085Z,"{""lat"":-37.63474743289952,""lon"":145.0651922632463}"
2026-09-12T01:02:31.086Z,"{""lat"":-37.63474743289952,""lon"":145.0651922632463}"
2026-09-12T01:02:32.087Z,"{""lat"":-37.63474743289952,""lon"":145.0651922632463}"
2026-09-12T01:02:32.088Z,"{""lat"":-37.63474743289952,""lon"":145.0651922632463}"
2026-09-12T01:02:33.089Z,"{""lat"":-37.63474743289952,""lon"":145.0651922632463}"
2026-09-12T01:02:33.09Z,"{""lat"":-37.63474743289952,""lon"":145.0651922632463}"
2026-09-12T01:02:34.088Z,"{""lat"":-37.63474743289952,""lon"":145.0651922632463}"
2026-09-12T01:02:34.089Z,"{""lat"":-37.63474743289952,""lon"":145.0651922632463}"
2026-09-12T01:02:35.096Z,"{""lat"":-37.63474743289952,""lon"":145.0651922632463}"
2026-09-12T01:02:35.097Z,"{""lat"":-37.63474743289952,""lon"":145.0651922632463}"
2026-09-12T01:02:36.106Z,"{""lat"":-37.63474743289952,""lon"":145.0651922632463}"
2026-09-12T01:02:36.109Z,"{""lat"":-37.63474743289952,""lon"":145.0651922632463}"
2026-09-12T01:02:37.107Z,"{""lat"":-37.63474743289952,""lon"":145.0651922632463}"
2026-09-12T01:02:37.108Z,"{""lat"":-37.63474743289952,""lon"":145.0651922632463}"
2026-09-12T01:02:38.109Z,"{""lat"":-37.63474743289952,""lon"":145.0651922632463}"
2026-09-12T01:02:38.11Z,"{""lat"":-37.63474743289952,""lon"":145.0651922632463}"
2026-09-12T01:02:39.117Z,"{""lat"":-37.63474743289952,""lon"":145.0651922632463}"
2026-09-12T01:02:39.118Z,"{""lat"":-37.63474743289952,""lon"":145.0651922632463}"
2026-09-12T01:02:40.127Z,"{""lat"":-37.63474743289952,""lon"":145.0651922632463}"
2026-09-12T01:02:40.128Z,"{""lat"":-37.63474743289952,""lon"":145.0651922632463}"
2026-09-12T01:02:41.127Z,"{""lat"":-37.63474743289952,""lon"":145.0651922632463}"
2026-09-12T01:02:42.136Z,"{""lat"":-37.63474743289952,""lon"":145.0651922632463}"
2026-09-12T01:02:42.137Z,"{""lat"":-37.63474743289952,""lon"":145.0651922632463}"
2026-09-12T01:02:43.136Z,"{""lat"":-37.63474743289952,""lon"":145.0651922632463}"
2026-09-12T01:02:43.137Z,"{""lat"":-37.63474743289952,""lon"":145.0651922632463}"
2026-09-12T01:02:44.138Z,"{""lat"":-37.63474743289952,""lon"":145.0651922632463}"
2026-09-12T01:02:44.139Z,"{""lat"":-37.63474743289952,""lon"":145.0651922632463}"
2026-09-12T01:02:45.139Z,"{""lat"":-37.63474743289952,""lon"":145.0651922632463}"
2026-09-12T01:02:45.14Z,"{""lat"":-37.63474743289952,""lon"":145.0651922632463}"
2026-09-12T01:02:46.145Z,"{""lat"":-37.63474743289952,""lon"":145.0651922632463}"
2026-09-12T01:02:46.154Z,"{""lat"":-37.63474743289952,""lon"":145.0651922632463}"
2026-09-12T01:02:47.141Z,"{""lat"":-37.63474743289952,""lon"":145.0651922632463}"
2026-09-12T01:02:48.141Z,"{""lat"":-37.63474743289952,""lon"":145.0651922632463}"
2026-09-12T01:02:48.142Z,"{""lat"":-37.63474743289952,""lon"":145.0651922632463}"
2026-09-12T01:02:49.15Z,"{""lat"":-37.63474743289952,""lon"":145.0651922632463}"
2026-09-12T01:02:49.151Z,"{""lat"":-37.63474743289952,""lon"":145.0651922632463}"
2026-09-12T01:02:50.152Z,"{""lat"":-37.63474743289952,""lon"":145.0651922632463}"
2026-09-12T01:02:50.153Z,"{""lat"":-37.63474743289952,""lon"":145.0651922632463}"
2026-09-12T01:02:51.154Z,"{""lat"":-37.63474743289952,""lon"":145.0651922632463}"
2026-09-12T01:02:52.159Z,"{""lat"":-37.63474743289952,""lon"":145.0651922632463}"
2026-09-12T01:02:52.163Z,"{""lat"":-37.63474743289952,""lon"":145.0651922632463}"
2026-09-12T01:02:53.155Z,"{""lat"":-37.63474743289952,""lon"":145.0651922632463}"
2026-09-12T01:02:53.157Z,"{""lat"":-37.63474743289952,""lon"":145.0651922632463}"
2026-09-12T01:02:54.17Z,"{""lat"":-37.63474743289952,""lon"":145.0651922632463}"
2026-09-12T01:02:54.173Z,"{""lat"":-37.63474743289952,""lon"":145.0651922632463}"
2026-09-12T01:02:55.175Z,"{""lat"":-37.63474743289952,""lon"":145.0651922632463}"
2026-09-12T01:02:55.179Z,"{""lat"":-37.63474743289952,""lon"":145.0651922632463}"
2026-09-12T01:02:56.177Z,"{""lat"":-37.63474743289952,""lon"":145.0651922632463}"
2026-09-12T01:02:56.178Z,"{""lat"":-37.63474743289952,""lon"":145.0651922632463}"
2026-09-12T01:02:57.177Z,"{""lat"":-37.63474743289952,""lon"":145.0651922632463}"
2026-09-12T01:02:57.179Z,"{""lat"":-37.63474743289952,""lon"":145.0651922632463}"
2026-09-12T01:02:58.169Z,"{""lat"":-37.63474743289952,""lon"":145.0651922632463}"
2026-09-12T01:02:58.173Z,"{""lat"":-37.63474743289952,""lon"":145.0651922632463}"
2026-09-12T01:02:59.176Z,"{""lat"":-37.63474743289952,""lon"":145.0651922632463}"
2026-09-12T01:02:59.177Z,"{""lat"":-37.63474743289952,""lon"":145.0651922632463}"
2026-09-12T01:03:00.176Z,"{""lat"":-37.63474743289952,""lon"":145.0651922632463}"
2026-09-12T01:03:00.18Z,"{""lat"":-37.63474743289952,""lon"":145.0651922632463}"
2026-09-12T01:03:01.171Z,"{""lat"":-37.63474743289952,""lon"":145.0651922632463}"
2026-09-12T01:03:01.174Z,"{""lat"":-37.63474743289952,""lon"":145.0651922632463}"
2026-09-12T01:03:02.177Z,"{""lat"":-37.63474743289952,""lon"":145.0651922632463}"
2026-09-12T01:03:02.182Z,"{""lat"":-37.63474743289952,""lon"":145.0651922632463}"
2026-09-12T01:03:03.174Z,"{""lat"":-37.63474743289952,""lon"":145.0651922632463}"
2026-09-12T01:03:03.179Z,"{""lat"":-37.63474743289952,""lon"":145.0651922632463}"
2026-09-12T01:03:04.174Z,"{""lat"":-37.63474743289952,""lon"":145.0651922632463}"
2026-09-12T01:03:04.182Z,"{""lat"":-37.63474743289952,""lon"":145.0651922632463}"
2026-09-12T01:03:05.179Z,"{""lat"":-37.63474743289952,""lon"":145.0651922632463}"
2026-09-12T01:03:05.18Z,"{""lat"":-37.63474743289952,""lon"":145.0651922632463}"
2026-09-12T01:03:06.186Z,"{""lat"":-37.63474743289952,""lon"":145.0651922632463}"
2026-09-12T01:03:06.19Z,"{""lat"":-37.63474743289952,""lon"":145.0651922632463}"
2026-09-12T01:03:07.189Z,"{""lat"":-37.63474743289952,""lon"":145.0651922632463}"
2026-09-12T01:03:07.193Z,"{""lat"":-37.63474743289952,""lon"":145.0651922632463}"
2026-09-12T01:03:08.186Z,"{""lat"":-37.63474743289952,""lon"":145.0651922632463}"
2026-09-12T01:03:08.189Z,"{""lat"":-37.63474743289952,""lon"":145.0651922632463}"
2026-09-12T01:03:09.196Z,"{""lat"":-37.63474743289952,""lon"":145.0651922632463}"
2026-09-12T01:03:09.197Z,"{""lat"":-37.63474743289952,""lon"":145.0651922632463}"
2026-09-12T01:03:10.2Z,"{""lat"":-37.63474743289952,""lon"":145.0651922632463}"
2026-09-12T01:03:10.201Z,"{""lat"":-37.63474743289952,""lon"":145.0651922632463}"
2026-09-12T01:03:11.206Z,"{""lat"":-37.63474743289952,""lon"":145.0651922632463}"
2026-09-12T01:03:11.21Z,"{""lat"":-37.63474743289952,""lon"":145.0651922632463}"
2026-09-12T01:03:12.198Z,"{""lat"":-37.63474743289952,""lon"":145.0651922632463}"
2026-09-12T01:03:12.202Z,"{""lat"":-37.63474743289952,""lon"":145.0651922632463}"
2026-09-12T01:03:13.205Z,"{""lat"":-37.63474743289952,""lon"":145.0651922632463}"
2026-09-12T01:03:13.209Z,"{""lat"":-37.63474743289952,""lon"":145.0651922632463}"
2026-09-12T01:03:14.203Z,"{""lat"":-37.63474743289952,""lon"":145.0651922632463}"
2026-09-12T01:03:14.204Z,"{""lat"":-37.63474743289952,""lon"":145.0651922632463}"
2026-09-12T01:03:15.212Z,"{""lat"":-37.63474743289952,""lon"":145.0651922632463}"
2026-09-12T01:03:15.213Z,"{""lat"":-37.63474743289952,""lon"":145.0651922632463}"
2026-09-12T01:03:16.21Z,"{""lat"":-37.63474743289952,""lon"":145.0651922632463}"
2026-09-12T01:03:16.214Z,"{""lat"":-37.63474743289952,""lon"":145.0651922632463}"
2026-09-12T01:03:17.211Z,"{""lat"":-37.63474743289952,""lon"":145.0651922632463}"
2026-09-12T01:03:17.212Z,"{""lat"":-37.63474743289952,""lon"":145.0651922632463}"
2026-09-12T01:03:18.212Z,"{""lat"":-37.63474743289952,""lon"":145.0651922632463}"
2026-09-12T01:03:18.213Z,"{""lat"":-37.63474743289952,""lon"":145.0651922632463}"
2026-09-12T01:03:19.213Z,"{""lat"":-37.63474743289952,""lon"":145.0651922632463}"
2026-09-12T01:03:20.221Z,"{""lat"":-37.63474743289952,""lon"":145.0651922632463}"
2026-09-12T01:03:20.222Z,"{""lat"":-37.63474743289952,""lon"":145.0651922632463}"
2026-09-12T01:03:21.223Z,"{""lat"":-37.63474743289952,""lon"":145.0651922632463}"
2026-09-12T01:03:21.224Z,"{""lat"":-37.63474743289952,""lon"":145.0651922632463}"
2026-09-12T01:03:22.223Z,"{""lat"":-37.63474743289952,""lon"":145.0651922632463}"
2026-09-12T01:03:22.224Z,"{""lat"":-37.63474743289952,""lon"":145.0651922632463}"
2026-09-12T01:03:23.224Z,"{""lat"":-37.63474743289952,""lon"":145.0651922632463}"
2026-09-12T01:03:23.227Z,"{""lat"":-37.63474743289952,""lon"":145.0651922632463}"
2026-09-12T01:03:24.235Z,"{""lat"":-37.63474743289952,""lon"":145.0651922632463}"
2026-09-12T01:03:24.238Z,"{""lat"":-37.63474743289952,""lon"":145.0651922632463}"
2026-09-12T01:03:25.239Z,"{""lat"":-37.63474743289952,""lon"":145.0651922632463}"
2026-09-12T01:03:25.243Z,"{""lat"":-37.63474743289952,""lon"":145.0651922632463}"
2026-09-12T01:03:26.243Z,"{""lat"":-37.63474743289952,""lon"":145.0651922632463}"
2026-09-12T01:03:26.247Z,"{""lat"":-37.63474743289952,""lon"":145.0651922632463}"
2026-09-12T01:03:27.254Z,"{""lat"":-37.63474743289952,""lon"":145.0651922632463}"
2026-09-12T01:03:27.258Z,"{""lat"":-37.63474743289952,""lon"":145.0651922632463}"
2026-09-12T01:03:28.252Z,"{""lat"":-37.63474743289952,""lon"":145.0651922632463}"
2026-09-12T01:03:28.253Z,"{""lat"":-37.63474743289952,""lon"":145.0651922632463}"
2026-09-12T01:03:29.249Z,"{""lat"":-37.63474743289952,""lon"":145.0651922632463}"
2026-09-12T01:03:29.25Z,"{""lat"":-37.63474743289952,""lon"":145.0651922632463}"
2026-09-12T01:03:30.256Z,"{""lat"":-37.63474743289952,""lon"":145.0651922632463}"
2026-09-12T01:03:31.258Z,"{""lat"":-37.63474743289952,""lon"":145.0651922632463}"
2026-09-12T01:03:31.259Z,"{""lat"":-37.63474743289952,""lon"":145.0651922632463}"
2026-09-12T01:03:32.263Z,"{""lat"":-37.63474743289952,""lon"":145.0651922632463}"
2026-09-12T01:03:32.266Z,"{""lat"":-37.63474743289952,""lon"":145.0651922632463}"
2026-09-12T01:03:33.267Z,"{""lat"":-37.63474743289952,""lon"":145.0651922632463}"
2026-09-12T01:03:33.268Z,"{""lat"":-37.63474743289952,""lon"":145.0651922632463}"
2026-09-12T01:03:34.259Z,"{""lat"":-37.63474743289952,""lon"":145.0651922632463}"
2026-09-12T01:03:34.26Z,"{""lat"":-37.63474743289952,""lon"":145.0651922632463}"
2026-09-12T01:03:35.272Z,"{""lat"":-37.63474743289952,""lon"":145.0651922632463}"
2026-09-12T01:03:35.273Z,"{""lat"":-37.63474743289952,""lon"":145.0651922632463}"
2026-09-12T01:03:36.269Z,"{""lat"":-37.63474743289952,""lon"":145.0651922632463}"
2026-09-12T01:03:36.27Z,"{""lat"":-37.63474743289952,""lon"":145.0651922632463}"
2026-09-12T01:03:37.286Z,"{""lat"":-37.63474743289952,""lon"":145.0651922632463}"
2026-09-12T01:03:37.29Z,"{""lat"":-37.63474743289952,""lon"":145.0651922632463}"
2026-09-12T01:03:38.292Z,"{""lat"":-37.63474743289952,""lon"":145.0651922632463}"
2026-09-12T01:03:38.293Z,"{""lat"":-37.63474743289952,""lon"":145.0651922632463}"
2026-09-12T01:03:39.294Z,"{""lat"":-37.63474743289952,""lon"":145.0651922632463}"
2026-09-12T01:03:39.295Z,"{""lat"":-37.63474743289952,""lon"":145.0651922632463}"
2026-09-12T01:03:40.303Z,"{""lat"":-37.63474743289952,""lon"":145.0651922632463}"
2026-09-12T01:03:40.307Z,"{""lat"":-37.63474743289952,""lon"":145.0651922632463}"
2026-09-12T01:03:41.3Z,"{""lat"":-37.63474743289952,""lon"":145.0651922632463}"
2026-09-12T01:03:41.304Z,"{""lat"":-37.63474743289952,""lon"":145.0651922632463}"
2026-09-12T01:03:42.32Z,"{""lat"":-37.63474743289952,""lon"":145.0651922632463}"
2026-09-12T01:03:42.324Z,"{""lat"":-37.63474743289952,""lon"":145.0651922632463}"
2026-09-12T01:03:43.314Z,"{""lat"":-37.63474743289952,""lon"":145.0651922632463}"
2026-09-12T01:03:43.317Z,"{""lat"":-37.63474743289952,""lon"":145.0651922632463}"
2026-09-12T01:03:44.319Z,"{""lat"":-37.63474743289952,""lon"":145.0651922632463}"
2026-09-12T01:03:44.321Z,"{""lat"":-37.63474743289952,""lon"":145.0651922632463}"
2026-09-12T01:03:45.318Z,"{""lat"":-37.63474743289952,""lon"":145.0651922632463}"
2026-09-12T01:03:45.319Z,"{""lat"":-37.63474743289952,""lon"":145.0651922632463}"
2026-09-12T01:03:46.321Z,"{""lat"":-37.63474743289952,""lon"":145.0651922632463}"
2026-09-12T01:03:46.323Z,"{""lat"":-37.63474743289952,""lon"":145.0651922632463}"
2026-09-12T01:03:47.328Z,"{""lat"":-37.63474743289952,""lon"":145.0651922632463}"
2026-09-12T01:03:47.33Z,"{""lat"":-37.63474743289952,""lon"":145.0651922632463}"
2026-09-12T01:03:48.329Z,"{""lat"":-37.63474743289952,""lon"":145.0651922632463}"
2026-09-12T01:03:48.336Z,"{""lat"":-37.63474743289952,""lon"":145.0651922632463}"
2026-09-12T01:03:49.33Z,"{""lat"":-37.63474743289952,""lon"":145.0651922632463}"
2026-09-12T01:03:49.332Z,"{""lat"":-37.63474743289952,""lon"":145.0651922632463}"
2026-09-12T01:03:50.331Z,"{""lat"":-37.63474743289952,""lon"":145.0651922632463}"
2026-09-12T01:03:50.332Z,"{""lat"":-37.63474743289952,""lon"":145.0651922632463}"
2026-09-12T01:03:51.332Z,"{""lat"":-37.63474743289952,""lon"":145.0651922632463}"
2026-09-12T01:03:51.333Z,"{""lat"":-37.63474743289952,""lon"":145.0651922632463}"
2026-09-12T01:03:52.341Z,"{""lat"":-37.63474743289952,""lon"":145.0651922632463}"
2026-09-12T01:03:53.343Z,"{""lat"":-37.63474743289952,""lon"":145.0651922632463}"
2026-09-12T01:03:53.344Z,"{""lat"":-37.63474743289952,""lon"":145.0651922632463}"
2026-09-12T01:03:54.345Z,"{""lat"":-37.63474743289952,""lon"":145.0651922632463}"
2026-09-12T01:03:55.344Z,"{""lat"":-37.63474743289952,""lon"":145.0651922632463}"
2026-09-12T01:03:55.345Z,"{""lat"":-37.63474743289952,""lon"":145.0651922632463}"
2026-09-12T01:03:56.348Z,"{""lat"":-37.63474743289952,""lon"":145.0651922632463}"
2026-09-12T01:03:56.35Z,"{""lat"":-37.63474743289952,""lon"":145.0651922632463}"
2026-09-12T01:03:57.346Z,"{""lat"":-37.63474743289952,""lon"":145.0651922632463}"
2026-09-12T01:03:57.347Z,"{""lat"":-37.63474743289952,""lon"":145.0651922632463}"
2026-09-12T01:03:58.349Z,"{""lat"":-37.63474743289952,""lon"":145.0651922632463}"
2026-09-12T01:03:59.349Z,"{""lat"":-37.63474743289952,""lon"":145.0651922632463}"
2026-09-12T01:03:59.35Z,"{""lat"":-37.63474743289952,""lon"":145.0651922632463}"
2026-09-12T01:04:00.35Z,"{""lat"":-37.63474743289952,""lon"":145.0651922632463}"
2026-09-12T01:04:01.358Z,"{""lat"":-37.63474743289952,""lon"":145.0651922632463}"
2026-09-12T01:04:01.359Z,"{""lat"":-37.63474743289952,""lon"":145.0651922632463}"
2026-09-12T01:04:02.359Z,"{""lat"":-37.63474743289952,""lon"":145.0651922632463}"
2026-09-12T01:04:02.36Z,"{""lat"":-37.63474743289952,""lon"":145.0651922632463}"
2026-09-12T01:04:03.36Z,"{""lat"":-37.63474743289952,""lon"":145.0651922632463}"
2026-09-12T01:04:04.373Z,"{""lat"":-37.63474743289952,""lon"":145.0651922632463}"
2026-09-12T01:04:05.372Z,"{""lat"":-37.63474743289952,""lon"":145.0651922632463}"
2026-09-12T01:04:05.376Z,"{""lat"":-37.63474743289952,""lon"":145.0651922632463}"
2026-09-12T01:04:06.381Z,"{""lat"":-37.63474743289952,""lon"":145.0651922632463}"
2026-09-12T01:04:06.391Z,"{""lat"":-37.63474743289952,""lon"":145.0651922632463}"
2026-09-12T01:04:07.389Z,"{""lat"":-37.63474743289952,""lon"":145.0651922632463}"
2026-09-12T01:04:07.393Z,"{""lat"":-37.63474743289952,""lon"":145.0651922632463}"
2026-09-12T01:04:08.404Z,"{""lat"":-37.63474743289952,""lon"":145.0651922632463}"
2026-09-12T01:04:09.399Z,"{""lat"":-37.63474743289952,""lon"":145.0651922632463}"
2026-09-12T01:04:09.4Z,"{""lat"":-37.63474743289952,""lon"":145.0651922632463}"
2026-09-12T01:04:10.399Z,"{""lat"":-37.63474743289952,""lon"":145.0651922632463}"
2026-09-12T01:04:11.411Z,"{""lat"":-37.63474743289952,""lon"":145.0651922632463}"
2026-09-12T01:04:11.412Z,"{""lat"":-37.63474743289952,""lon"":145.0651922632463}"
2026-09-12T01:04:12.42Z,"{""lat"":-37.63474743289952,""lon"":145.0651922632463}"
2026-09-12T01:04:12.423Z,"{""lat"":-37.63474743289952,""lon"":145.0651922632463}"
2026-09-12T01:04:13.429Z,"{""lat"":-37.63474743289952,""lon"":145.0651922632463}"
2026-09-12T01:04:13.43Z,"{""lat"":-37.63474743289952,""lon"":145.0651922632463}"
2026-09-12T01:04:14.427Z,"{""lat"":-37.63474743289952,""lon"":145.0651922632463}"
2026-09-12T01:04:14.428Z,"{""lat"":-37.63474743289952,""lon"":145.0651922632463}"
2026-09-12T01:04:15.436Z,"{""lat"":-37.63474743289952,""lon"":145.0651922632463}"
2026-09-12T01:04:16.437Z,"{""lat"":-37.63474743289952,""lon"":145.0651922632463}"
2026-09-12T01:04:16.438Z,"{""lat"":-37.63474743289952,""lon"":145.0651922632463}"
2026-09-12T01:04:17.448Z,"{""lat"":-37.63474743289952,""lon"":145.0651922632463}"
2026-09-12T01:04:17.449Z,"{""lat"":-37.63474743289952,""lon"":145.0651922632463}"
2026-09-12T01:04:18.455Z,"{""lat"":-37.63474743289952,""lon"":145.0651922632463}"
2026-09-12T01:04:18.456Z,"{""lat"":-37.63474743289952,""lon"":145.0651922632463}"
2026-09-12T01:04:19.471Z,"{""lat"":-37.63474743289952,""lon"":145.0651922632463}"
2026-09-12T01:04:19.475Z,"{""lat"":-37.63474743289952,""lon"":145.0651922632463}"
2026-09-12T01:04:20.466Z,"{""lat"":-37.63474743289952,""lon"":145.0651922632463}"
2026-09-12T01:04:20.467Z,"{""lat"":-37.63474743289952,""lon"":145.0651922632463}"
2026-09-12T01:04:21.476Z,"{""lat"":-37.63474743289952,""lon"":145.0651922632463}"
2026-09-12T01:04:21.477Z,"{""lat"":-37.63474743289952,""lon"":145.0651922632463}"
2026-09-12T01:04:22.484Z,"{""lat"":-37.63474743289952,""lon"":145.0651922632463}"
2026-09-12T01:04:22.485Z,"{""lat"":-37.63474743289952,""lon"":145.0651922632463}"
2026-09-12T01:04:23.484Z,"{""lat"":-37.63474743289952,""lon"":145.0651922632463}"
2026-09-12T01:04:23.486Z,"{""lat"":-37.63474743289952,""lon"":145.0651922632463}"
2026-09-12T01:04:24.493Z,"{""lat"":-37.63474743289952,""lon"":145.0651922632463}"
2026-09-12T01:04:24.494Z,"{""lat"":-37.63474743289952,""lon"":145.0651922632463}"
2026-09-12T01:04:25.495Z,"{""lat"":-37.63474743289952,""lon"":145.0651922632463}"
2026-09-12T01:04:25.496Z,"{""lat"":-37.63474743289952,""lon"":145.0651922632463}"
2026-09-12T01:04:26.495Z,"{""lat"":-37.63474743289952,""lon"":145.0651922632463}"
2026-09-12T01:04:26.496Z,"{""lat"":-37.63474743289952,""lon"":145.0651922632463}"
2026-09-12T01:04:27.496Z,"{""lat"":-37.63474743289952,""lon"":145.0651922632463}"
2026-09-12T01:04:27.497Z,"{""lat"":-37.63474743289952,""lon"":145.0651922632463}"
2026-09-12T01:04:28.505Z,"{""lat"":-37.63474743289952,""lon"":145.0651922632463}"
2026-09-12T01:04:29.508Z,"{""lat"":-37.634753943646075,""lon"":145.06519836138943}"
2026-09-12T01:04:29.509Z,"{""lat"":-37.634753943646075,""lon"":145.06519836138943}"
2026-09-12T01:04:30.507Z,"{""lat"":-37.634753943646075,""lon"":145.06519836138943}"
2026-09-12T01:04:30.509Z,"{""lat"":-37.634753943646075,""lon"":145.06519836138943}"
2026-09-12T01:04:31.509Z,"{""lat"":-37.634753943646075,""lon"":145.06519836138943}"
2026-09-12T01:04:31.51Z,"{""lat"":-37.634753943646075,""lon"":145.06519836138943}"
2026-09-12T01:04:32.516Z,"{""lat"":-37.634753943646075,""lon"":145.06519836138943}"
2026-09-12T01:04:32.518Z,"{""lat"":-37.634753943646075,""lon"":145.06519836138943}"
2026-09-12T01:04:33.518Z,"{""lat"":-37.634753943646075,""lon"":145.06519836138943}"
2026-09-12T01:04:33.519Z,"{""lat"":-37.634753943646075,""lon"":145.06519836138943}"
2026-09-12T01:04:34.521Z,"{""lat"":-37.634753943646075,""lon"":145.06519836138943}"
2026-09-12T01:04:34.522Z,"{""lat"":-37.634753943646075,""lon"":145.06519836138943}"
2026-09-12T01:04:35.521Z,"{""lat"":-37.634753943646075,""lon"":145.06519836138943}"
2026-09-12T01:04:35.522Z,"{""lat"":-37.634753943646075,""lon"":145.06519836138943}"
2026-09-12T01:04:36.529Z,"{""lat"":-37.634753943646075,""lon"":145.06519836138943}"
2026-09-12T01:04:36.53Z,"{""lat"":-37.634753943646075,""lon"":145.06519836138943}"
2026-09-12T01:04:37.533Z,"{""lat"":-37.634753943646075,""lon"":145.06519836138943}"
2026-09-12T01:04:37.534Z,"{""lat"":-37.634753943646075,""lon"":145.06519836138943}"
2026-09-12T01:04:38.542Z,"{""lat"":-37.634753943646075,""lon"":145.06519836138943}"
2026-09-12T01:04:38.545Z,"{""lat"":-37.634753943646075,""lon"":145.06519836138943}"
2026-09-12T01:04:39.541Z,"{""lat"":-37.634753943646075,""lon"":145.06519836138943}"
2026-09-12T01:04:39.542Z,"{""lat"":-37.634753943646075,""lon"":145.06519836138943}"
2026-09-12T01:04:40.556Z,"{""lat"":-37.634753943646075,""lon"":145.06519836138943}"
2026-09-12T01:04:40.557Z,"{""lat"":-37.634753943646075,""lon"":145.06519836138943}"
2026-09-12T01:04:41.559Z,"{""lat"":-37.634753943646075,""lon"":145.06519836138943}"
2026-09-12T01:04:41.56Z,"{""lat"":-37.634753943646075,""lon"":145.06519836138943}"
2026-09-12T01:04:42.551Z,"{""lat"":-37.634753943646075,""lon"":145.06519836138943}"
2026-09-12T01:04:42.554Z,"{""lat"":-37.634753943646075,""lon"":145.06519836138943}"
2026-09-12T01:04:43.556Z,"{""lat"":-37.634753943646075,""lon"":145.06519836138943}"
2026-09-12T01:04:43.56Z,"{""lat"":-37.634753943646075,""lon"":145.06519836138943}"
2026-09-12T01:04:44.564Z,"{""lat"":-37.634753943646075,""lon"":145.06519836138943}"
2026-09-12T01:04:44.566Z,"{""lat"":-37.634753943646075,""lon"":145.06519836138943}"
2026-09-12T01:04:45.566Z,"{""lat"":-37.634753943646075,""lon"":145.06519836138943}"
2026-09-12T01:04:45.569Z,"{""lat"":-37.634753943646075,""lon"":145.06519836138943}"
2026-09-12T01:04:46.57Z,"{""lat"":-37.634753943646075,""lon"":145.06519836138943}"
2026-09-12T01:04:46.573Z,"{""lat"":-37.634753943646075,""lon"":145.06519836138943}"
2026-09-12T01:04:47.574Z,"{""lat"":-37.634753943646075,""lon"":145.06519836138943}"
2026-09-12T01:04:48.581Z,"{""lat"":-37.634753943646075,""lon"":145.06519836138943}"
2026-09-12T01:04:48.582Z,"{""lat"":-37.634753943646075,""lon"":145.06519836138943}"
2026-09-12T01:04:49.589Z,"{""lat"":-37.634753943646075,""lon"":145.06519836138943}"
2026-09-12T01:04:49.592Z,"{""lat"":-37.634753943646075,""lon"":145.06519836138943}"
2026-09-12T01:04:50.592Z,"{""lat"":-37.634753943646075,""lon"":145.06519836138943}"
2026-09-12T01:04:50.593Z,"{""lat"":-37.634753943646075,""lon"":145.06519836138943}"
2026-09-12T01:04:51.599Z,"{""lat"":-37.634753943646075,""lon"":145.06519836138943}"
2026-09-12T01:04:51.602Z,"{""lat"":-37.634753943646075,""lon"":145.06519836138943}"
2026-09-12T01:04:52.606Z,"{""lat"":-37.634753943646075,""lon"":145.06519836138943}"
2026-09-12T01:04:52.609Z,"{""lat"":-37.634753943646075,""lon"":145.06519836138943}"
2026-09-12T01:04:53.603Z,"{""lat"":-37.634753943646075,""lon"":145.06519836138943}"
2026-09-12T01:04:53.604Z,"{""lat"":-37.634753943646075,""lon"":145.06519836138943}"
2026-09-12T01:04:54.612Z,"{""lat"":-37.634753943646075,""lon"":145.06519836138943}"
2026-09-12T01:04:54.613Z,"{""lat"":-37.634753943646075,""lon"":145.06519836138943}"
2026-09-12T01:04:55.61Z,"{""lat"":-37.634753943646075,""lon"":145.06519836138943}"
2026-09-12T01:04:55.611Z,"{""lat"":-37.634753943646075,""lon"":145.06519836138943}"
2026-09-12T01:04:56.618Z,"{""lat"":-37.634753943646075,""lon"":145.06519836138943}"
2026-09-12T01:04:56.62Z,"{""lat"":-37.634753943646075,""lon"":145.06519836138943}"
2026-09-12T01:04:57.62Z,"{""lat"":-37.634753943646075,""lon"":145.06519836138943}"
2026-09-12T01:04:57.621Z,"{""lat"":-37.634753943646075,""lon"":145.06519836138943}"
2026-09-12T01:04:58.621Z,"{""lat"":-37.634753943646075,""lon"":145.06519836138943}"
2026-09-12T01:04:58.623Z,"{""lat"":-37.634753943646075,""lon"":145.06519836138943}"
2026-09-12T01:04:59.63Z,"{""lat"":-37.634753943646075,""lon"":145.06519836138943}"
2026-09-12T01:05:00.631Z,"{""lat"":-37.634753943646075,""lon"":145.06519836138943}"
2026-09-12T01:05:00.632Z,"{""lat"":-37.634753943646075,""lon"":145.06519836138943}"
2026-09-12T01:05:01.639Z,"{""lat"":-37.634753943646075,""lon"":145.06519836138943}"
2026-09-12T01:05:01.64Z,"{""lat"":-37.634753943646075,""lon"":145.06519836138943}"
2026-09-12T01:05:02.643Z,"{""lat"":-37.634753943646075,""lon"":145.06519836138943}"
2026-09-12T01:05:02.644Z,"{""lat"":-37.634753943646075,""lon"":145.06519836138943}"
2026-09-12T01:05:03.65Z,"{""lat"":-37.634753943646075,""lon"":145.06519836138943}"
2026-09-12T01:05:03.651Z,"{""lat"":-37.634753943646075,""lon"":145.06519836138943}"
2026-09-12T01:05:04.652Z,"{""lat"":-37.634753943646075,""lon"":145.06519836138943}"
2026-09-12T01:05:04.653Z,"{""lat"":-37.634753943646075,""lon"":145.06519836138943}"
2026-09-12T01:05:05.66Z,"{""lat"":-37.634753943646075,""lon"":145.06519836138943}"
2026-09-12T01:05:05.661Z,"{""lat"":-37.634753943646075,""lon"":145.06519836138943}"
2026-09-12T01:05:06.669Z,"{""lat"":-37.634753943646075,""lon"":145.06519836138943}"
2026-09-12T01:05:06.67Z,"{""lat"":-37.634753943646075,""lon"":145.06519836138943}"
2026-09-12T01:05:07.67Z,"{""lat"":-37.634753943646075,""lon"":145.06519836138943}"
2026-09-12T01:05:07.671Z,"{""lat"":-37.634753943646075,""lon"":145.06519836138943}"
2026-09-12T01:05:08.678Z,"{""lat"":-37.634753943646075,""lon"":145.06519836138943}"
2026-09-12T01:05:08.679Z,"{""lat"":-37.634753943646075,""lon"":145.06519836138943}"
2026-09-12T01:05:09.681Z,"{""lat"":-37.634753943646075,""lon"":145.06519836138943}"
2026-09-12T01:05:09.682Z,"{""lat"":-37.634753943646075,""lon"":145.06519836138943}"
2026-09-12T01:05:10.689Z,"{""lat"":-37.634753943646075,""lon"":145.06519836138943}"
2026-09-12T01:05:11.697Z,"{""lat"":-37.634753943646075,""lon"":145.06519836138943}"
2026-09-12T01:05:11.699Z,"{""lat"":-37.634753943646075,""lon"":145.06519836138943}"
2026-09-12T01:05:12.7Z,"{""lat"":-37.634753943646075,""lon"":145.06519836138943}"
2026-09-12T01:05:12.702Z,"{""lat"":-37.634753943646075,""lon"":145.06519836138943}"
2026-09-12T01:05:13.708Z,"{""lat"":-37.634753943646075,""lon"":145.06519836138943}"
2026-09-12T01:05:13.709Z,"{""lat"":-37.634753943646075,""lon"":145.06519836138943}"
2026-09-12T01:05:14.717Z,"{""lat"":-37.634753943646075,""lon"":145.06519836138943}"
2026-09-12T01:05:14.718Z,"{""lat"":-37.634753943646075,""lon"":145.06519836138943}"
2026-09-12T01:05:15.725Z,"{""lat"":-37.634753943646075,""lon"":145.06519836138943}"
2026-09-12T01:05:15.726Z,"{""lat"":-37.634753943646075,""lon"":145.06519836138943}"
2026-09-12T01:05:16.734Z,"{""lat"":-37.634753943646075,""lon"":145.06519836138943}"
2026-09-12T01:05:16.735Z,"{""lat"":-37.634753943646075,""lon"":145.06519836138943}"
2026-09-12T01:05:17.747Z,"{""lat"":-37.634753943646075,""lon"":145.06519836138943}"
2026-09-12T01:05:17.748Z,"{""lat"":-37.634753943646075,""lon"":145.06519836138943}"
2026-09-12T01:05:18.757Z,"{""lat"":-37.634753943646075,""lon"":145.06519836138943}"
2026-09-12T01:05:18.76Z,"{""lat"":-37.634753943646075,""lon"":145.06519836138943}"
2026-09-12T01:05:19.768Z,"{""lat"":-37.634753943646075,""lon"":145.06519836138943}"
2026-09-12T01:05:19.769Z,"{""lat"":-37.634753943646075,""lon"":145.06519836138943}"
2026-09-12T01:05:20.769Z,"{""lat"":-37.634753943646075,""lon"":145.06519836138943}"
2026-09-12T01:05:20.77Z,"{""lat"":-37.634753943646075,""lon"":145.06519836138943}"
2026-09-12T01:05:21.764Z,"{""lat"":-37.634753943646075,""lon"":145.06519836138943}"
2026-09-12T01:05:21.767Z,"{""lat"":-37.634753943646075,""lon"":145.06519836138943}"
2026-09-12T01:05:22.78Z,"{""lat"":-37.634753943646075,""lon"":145.06519836138943}"
2026-09-12T01:05:22.782Z,"{""lat"":-37.634753943646075,""lon"":145.06519836138943}"
2026-09-12T01:05:23.773Z,"{""lat"":-37.634753943646075,""lon"":145.06519836138943}"
2026-09-12T01:05:23.776Z,"{""lat"":-37.634753943646075,""lon"":145.06519836138943}"
2026-09-12T01:05:24.773Z,"{""lat"":-37.634753943646075,""lon"":145.06519836138943}"
2026-09-12T01:05:24.775Z,"{""lat"":-37.634753943646075,""lon"":145.06519836138943}"
2026-09-12T01:05:25.785Z,"{""lat"":-37.634753943646075,""lon"":145.06519836138943}"
2026-09-12T01:05:25.787Z,"{""lat"":-37.634753943646075,""lon"":145.06519836138943}"
2026-09-12T01:05:26.791Z,"{""lat"":-37.634753943646075,""lon"":145.06519836138943}"
2026-09-12T01:05:26.792Z,"{""lat"":-37.634753943646075,""lon"":145.06519836138943}"
2026-09-12T01:05:27.792Z,"{""lat"":-37.634753943646075,""lon"":145.06519836138943}"
2026-09-12T01:05:27.793Z,"{""lat"":-37.634753943646075,""lon"":145.06519836138943}"
2026-09-12T01:05:28.8Z,"{""lat"":-37.634753943646075,""lon"":145.06519836138943}"
2026-09-12T01:05:28.807Z,"{""lat"":-37.634753943646075,""lon"":145.06519836138943}"
2026-09-12T01:05:29.809Z,"{""lat"":-37.634753943646075,""lon"":145.06519836138943}"
2026-09-12T01:05:29.811Z,"{""lat"":-37.634753943646075,""lon"":145.06519836138943}"
2026-09-12T01:05:30.818Z,"{""lat"":-37.634753943646075,""lon"":145.06519836138943}"
2026-09-12T01:05:30.819Z,"{""lat"":-37.634753943646075,""lon"":145.06519836138943}"
2026-09-12T01:05:31.82Z,"{""lat"":-37.634753943646075,""lon"":145.06519836138943}"
2026-09-12T01:05:31.821Z,"{""lat"":-37.634753943646075,""lon"":145.06519836138943}"
2026-09-12T01:05:32.829Z,"{""lat"":-37.634753943646075,""lon"":145.06519836138943}"
2026-09-12T01:05:32.83Z,"{""lat"":-37.634753943646075,""lon"":145.06519836138943}"
2026-09-12T01:05:33.837Z,"{""lat"":-37.634753943646075,""lon"":145.06519836138943}"
2026-09-12T01:05:33.839Z,"{""lat"":-37.634753943646075,""lon"":145.06519836138943}"
2026-09-12T01:05:34.838Z,"{""lat"":-37.634753943646075,""lon"":145.06519836138943}"
2026-09-12T01:05:34.84Z,"{""lat"":-37.634753943646075,""lon"":145.06519836138943}"
2026-09-12T01:05:35.839Z,"{""lat"":-37.634753943646075,""lon"":145.06519836138943}"
2026-09-12T01:05:35.84Z,"{""lat"":-37.634753943646075,""lon"":145.06519836138943}"
2026-09-12T01:05:36.847Z,"{""lat"":-37.634753943646075,""lon"":145.06519836138943}"
2026-09-12T01:05:36.848Z,"{""lat"":-37.634753943646075,""lon"":145.06519836138943}"
2026-09-12T01:05:37.849Z,"{""lat"":-37.634753943646075,""lon"":145.06519836138943}"
2026-09-12T01:05:37.851Z,"{""lat"":-37.634753943646075,""lon"":145.06519836138943}"
2026-09-12T01:05:38.858Z,"{""lat"":-37.634753943646075,""lon"":145.06519836138943}"
2026-09-12T01:05:38.86Z,"{""lat"":-37.634753943646075,""lon"":145.06519836138943}"
2026-09-12T01:05:39.858Z,"{""lat"":-37.634753943646075,""lon"":145.06519836138943}"
2026-09-12T01:05:39.86Z,"{""lat"":-37.634753943646075,""lon"":145.06519836138943}"
2026-09-12T01:05:40.859Z,"{""lat"":-37.634753943646075,""lon"":145.06519836138943}"
2026-09-12T01:05:40.86Z,"{""lat"":-37.634753943646075,""lon"":145.06519836138943}"
2026-09-12T01:05:41.865Z,"{""lat"":-37.634753943646075,""lon"":145.06519836138943}"
2026-09-12T01:05:41.866Z,"{""lat"":-37.634753943646075,""lon"":145.06519836138943}"
2026-09-12T01:05:42.868Z,"{""lat"":-37.634753943646075,""lon"":145.06519836138943}"
2026-09-12T01:05:42.869Z,"{""lat"":-37.634753943646075,""lon"":145.06519836138943}"
2026-09-12T01:05:43.878Z,"{""lat"":-37.634753943646075,""lon"":145.06519836138943}"
2026-09-12T01:05:43.88Z,"{""lat"":-37.634753943646075,""lon"":145.06519836138943}"
2026-09-12T01:05:44.89Z,"{""lat"":-37.634753943646075,""lon"":145.06519836138943}"
2026-09-12T01:05:44.893Z,"{""lat"":-37.634753943646075,""lon"":145.06519836138943}"
2026-09-12T01:05:45.896Z,"{""lat"":-37.634753943646075,""lon"":145.06519836138943}"
2026-09-12T01:05:45.897Z,"{""lat"":-37.634753943646075,""lon"":145.06519836138943}"
2026-09-12T01:05:46.908Z,"{""lat"":-37.634753943646075,""lon"":145.06519836138943}"
2026-09-12T01:05:46.909Z,"{""lat"":-37.634753943646075,""lon"":145.06519836138943}"
2026-09-12T01:05:47.908Z,"{""lat"":-37.634753943646075,""lon"":145.06519836138943}"
2026-09-12T01:05:47.909Z,"{""lat"":-37.634753943646075,""lon"":145.06519836138943}"
2026-09-12T01:05:48.914Z,"{""lat"":-37.634753943646075,""lon"":145.06519836138943}"
2026-09-12T01:05:48.915Z,"{""lat"":-37.634753943646075,""lon"":145.06519836138943}"
2026-09-12T01:05:49.927Z,"{""lat"":-37.634753943646075,""lon"":145.06519836138943}"
2026-09-12T01:05:49.928Z,"{""lat"":-37.634753943646075,""lon"":145.06519836138943}"
2026-09-12T01:05:50.925Z,"{""lat"":-37.634753943646075,""lon"":145.06519836138943}"
2026-09-12T01:05:50.929Z,"{""lat"":-37.634753943646075,""lon"":145.06519836138943}"
2026-09-12T01:05:51.926Z,"{""lat"":-37.634753943646075,""lon"":145.06519836138943}"
2026-09-12T01:05:51.93Z,"{""lat"":-37.634753943646075,""lon"":145.06519836138943}"
2026-09-12T01:05:52.935Z,"{""lat"":-37.634753943646075,""lon"":145.06519836138943}"
2026-09-12T01:05:52.936Z,"{""lat"":-37.634753943646075,""lon"":145.06519836138943}"
2026-09-12T01:05:53.944Z,"{""lat"":-37.634753943646075,""lon"":145.06519836138943}"
2026-09-12T01:05:53.945Z,"{""lat"":-37.634753943646075,""lon"":145.06519836138943}"
2026-09-12T01:05:54.952Z,"{""lat"":-37.634753943646075,""lon"":145.06519836138943}"
2026-09-12T01:05:55.953Z,"{""lat"":-37.634753943646075,""lon"":145.06519836138943}"
2026-09-12T01:05:56.954Z,"{""lat"":-37.634753943646075,""lon"":145.06519836138943}"
2026-09-12T01:05:56.955Z,"{""lat"":-37.634753943646075,""lon"":145.06519836138943}"
2026-09-12T01:05:57.96Z,"{""lat"":-37.634753943646075,""lon"":145.06519836138943}"
2026-09-12T01:05:57.961Z,"{""lat"":-37.634753943646075,""lon"":145.06519836138943}"
2026-09-12T01:05:58.97Z,"{""lat"":-37.634753943646075,""lon"":145.06519836138943}"
2026-09-12T01:05:58.971Z,"{""lat"":-37.634753943646075,""lon"":145.06519836138943}"
2026-09-12T01:05:59.98Z,"{""lat"":-37.634753943646075,""lon"":145.06519836138943}"
2026-09-12T01:05:59.981Z,"{""lat"":-37.634753943646075,""lon"":145.06519836138943}"
2026-09-12T01:06:00.988Z,"{""lat"":-37.634753943646075,""lon"":145.06519836138943}"
2026-09-12T01:06:01.999Z,"{""lat"":-37.634753943646075,""lon"":145.06519836138943}"
2026-09-12T01:06:02.998Z,"{""lat"":-37.634753943646075,""lon"":145.06519836138943}"
2026-09-12T01:06:02.999Z,"{""lat"":-37.634753943646075,""lon"":145.06519836138943}"
2026-09-12T01:06:04.006Z,"{""lat"":-37.634753943646075,""lon"":145.06519836138943}"
2026-09-12T01:06:04.007Z,"{""lat"":-37.634753943646075,""lon"":145.06519836138943}"
2026-09-12T01:06:05.007Z,"{""lat"":-37.634753943646075,""lon"":145.06519836138943}"
2026-09-12T01:06:05.008Z,"{""lat"":-37.634753943646075,""lon"":145.06519836138943}"
2026-09-12T01:06:06.009Z,"{""lat"":-37.634753943646075,""lon"":145.06519836138943}"
2026-09-12T01:06:06.011Z,"{""lat"":-37.634753943646075,""lon"":145.06519836138943}"
2026-09-12T01:06:07.017Z,"{""lat"":-37.634753943646075,""lon"":145.06519836138943}"
2026-09-12T01:06:07.019Z,"{""lat"":-37.634753943646075,""lon"":145.06519836138943}"
2026-09-12T01:06:08.025Z,"{""lat"":-37.634753943646075,""lon"":145.06519836138943}"
2026-09-12T01:06:08.026Z,"{""lat"":-37.634753943646075,""lon"":145.06519836138943}"
2026-09-12T01:06:09.037Z,"{""lat"":-37.634753943646075,""lon"":145.06519836138943}"
2026-09-12T01:06:09.039Z,"{""lat"":-37.634753943646075,""lon"":145.06519836138943}"
2026-09-12T01:06:10.044Z,"{""lat"":-37.634753943646075,""lon"":145.06519836138943}"
2026-09-12T01:06:11.058Z,"{""lat"":-37.634753943646075,""lon"":145.06519836138943}"
2026-09-12T01:06:11.059Z,"{""lat"":-37.634753943646075,""lon"":145.06519836138943}"
2026-09-12T01:06:12.057Z,"{""lat"":-37.634753943646075,""lon"":145.06519836138943}"
2026-09-12T01:06:13.063Z,"{""lat"":-37.634753943646075,""lon"":145.06519836138943}"
2026-09-12T01:06:13.064Z,"{""lat"":-37.634753943646075,""lon"":145.06519836138943}"
2026-09-12T01:06:14.072Z,"{""lat"":-37.634753943646075,""lon"":145.06519836138943}"
2026-09-12T01:06:14.073Z,"{""lat"":-37.634753943646075,""lon"":145.06519836138943}"
2026-09-12T01:06:15.081Z,"{""lat"":-37.634753943646075,""lon"":145.06519836138943}"
2026-09-12T01:06:15.082Z,"{""lat"":-37.634753943646075,""lon"":145.06519836138943}"
2026-09-12T01:06:16.09Z,"{""lat"":-37.634753943646075,""lon"":145.06519836138943}"
2026-09-12T01:06:16.093Z,"{""lat"":-37.634753943646075,""lon"":145.06519836138943}"
2026-09-12T01:06:17.114Z,"{""lat"":-37.634753943646075,""lon"":145.06519836138943}"
2026-09-12T01:06:18.108Z,"{""lat"":-37.634753943646075,""lon"":145.06519836138943}"
2026-09-12T01:06:18.113Z,"{""lat"":-37.634753943646075,""lon"":145.06519836138943}"
2026-09-12T01:06:19.118Z,"{""lat"":-37.634753943646075,""lon"":145.06519836138943}"
2026-09-12T01:06:19.119Z,"{""lat"":-37.634753943646075,""lon"":145.06519836138943}"
2026-09-12T01:06:20.129Z,"{""lat"":-37.634753943646075,""lon"":145.06519836138943}"
2026-09-12T01:06:20.131Z,"{""lat"":-37.634753943646075,""lon"":145.06519836138943}"
2026-09-12T01:06:21.133Z,"{""lat"":-37.634753943646075,""lon"":145.06519836138943}"
2026-09-12T01:06:21.137Z,"{""lat"":-37.634753943646075,""lon"":145.06519836138943}"
2026-09-12T01:06:22.132Z,"{""lat"":-37.634753943646075,""lon"":145.06519836138943}"
2026-09-12T01:06:22.136Z,"{""lat"":-37.634753943646075,""lon"":145.06519836138943}"
2026-09-12T01:06:23.137Z,"{""lat"":-37.634753943646075,""lon"":145.06519836138943}"
2026-09-12T01:06:24.145Z,"{""lat"":-37.634753943646075,""lon"":145.06519836138943}"
2026-09-12T01:06:24.147Z,"{""lat"":-37.634753943646075,""lon"":145.06519836138943}"
2026-09-12T01:06:25.154Z,"{""lat"":-37.634753943646075,""lon"":145.06519836138943}"
2026-09-12T01:06:25.155Z,"{""lat"":-37.634753943646075,""lon"":145.06519836138943}"
2026-09-12T01:06:26.164Z,"{""lat"":-37.634753943646075,""lon"":145.06519836138943}"
2026-09-12T01:06:27.173Z,"{""lat"":-37.634753943646075,""lon"":145.06519836138943}"
2026-09-12T01:06:27.174Z,"{""lat"":-37.634753943646075,""lon"":145.06519836138943}"
2026-09-12T01:06:28.174Z,"{""lat"":-37.634753943646075,""lon"":145.06519836138943}"
2026-09-12T01:06:28.175Z,"{""lat"":-37.634753943646075,""lon"":145.06519836138943}"
2026-09-12T01:06:29.182Z,"{""lat"":-37.634753943646075,""lon"":145.06519836138943}"
2026-09-12T01:06:30.192Z,"{""lat"":-37.634753943646075,""lon"":145.06519836138943}"
2026-09-12T01:06:30.193Z,"{""lat"":-37.634753943646075,""lon"":145.06519836138943}"
2026-09-12T01:06:31.199Z,"{""lat"":-37.634753943646075,""lon"":145.06519836138943}"
2026-09-12T01:06:31.201Z,"{""lat"":-37.634753943646075,""lon"":145.06519836138943}"
2026-09-12T01:06:32.201Z,"{""lat"":-37.634753943646075,""lon"":145.06519836138943}"
2026-09-12T01:06:32.202Z,"{""lat"":-37.634753943646075,""lon"":145.06519836138943}"
2026-09-12T01:06:33.21Z,"{""lat"":-37.634753943646075,""lon"":145.06519836138943}"
2026-09-12T01:06:33.211Z,"{""lat"":-37.634753943646075,""lon"":145.06519836138943}"
2026-09-12T01:06:34.219Z,"{""lat"":-37.634753943646075,""lon"":145.06519836138943}"
2026-09-12T01:06:34.221Z,"{""lat"":-37.634753943646075,""lon"":145.06519836138943}"
2026-09-12T01:06:35.228Z,"{""lat"":-37.634753943646075,""lon"":145.06519836138943}"
2026-09-12T01:06:35.23Z,"{""lat"":-37.634753943646075,""lon"":145.06519836138943}"
2026-09-12T01:06:36.241Z,"{""lat"":-37.634753943646075,""lon"":145.06519836138943}"
2026-09-12T01:06:36.244Z,"{""lat"":-37.634753943646075,""lon"":145.06519836138943}"
2026-09-12T01:06:37.246Z,"{""lat"":-37.634753943646075,""lon"":145.06519836138943}"
2026-09-12T01:06:37.248Z,"{""lat"":-37.634753943646075,""lon"":145.06519836138943}"
2026-09-12T01:06:38.25Z,"{""lat"":-37.634753943646075,""lon"":145.06519836138943}"
2026-09-12T01:06:38.252Z,"{""lat"":-37.634753943646075,""lon"":145.06519836138943}"
2026-09-12T01:06:39.255Z,"{""lat"":-37.634753943646075,""lon"":145.06519836138943}"
2026-09-12T01:06:39.257Z,"{""lat"":-37.634753943646075,""lon"":145.06519836138943}"
2026-09-12T01:06:40.269Z,"{""lat"":-37.634753943646075,""lon"":145.06519836138943}"
2026-09-12T01:06:40.271Z,"{""lat"":-37.634753943646075,""lon"":145.06519836138943}"
2026-09-12T01:06:41.266Z,"{""lat"":-37.634753943646075,""lon"":145.06519836138943}"
2026-09-12T01:06:41.269Z,"{""lat"":-37.634753943646075,""lon"":145.06519836138943}"
2026-09-12T01:06:42.275Z,"{""lat"":-37.634753943646075,""lon"":145.06519836138943}"
2026-09-12T01:06:42.278Z,"{""lat"":-37.634753943646075,""lon"":145.06519836138943}"
2026-09-12T01:06:43.276Z,"{""lat"":-37.634753943646075,""lon"":145.06519836138943}"
2026-09-12T01:06:43.278Z,"{""lat"":-37.634753943646075,""lon"":145.06519836138943}"
2026-09-12T01:06:44.285Z,"{""lat"":-37.634753943646075,""lon"":145.06519836138943}"
2026-09-12T01:06:44.286Z,"{""lat"":-37.634753943646075,""lon"":145.06519836138943}"
2026-09-12T01:06:45.286Z,"{""lat"":-37.634753943646075,""lon"":145.06519836138943}"
2026-09-12T01:06:45.288Z,"{""lat"":-37.634753943646075,""lon"":145.06519836138943}"
2026-09-12T01:06:46.287Z,"{""lat"":-37.634753943646075,""lon"":145.06519836138943}"
2026-09-12T01:06:46.289Z,"{""lat"":-37.634753943646075,""lon"":145.06519836138943}"
2026-09-12T01:06:47.295Z,"{""lat"":-37.634753943646075,""lon"":145.06519836138943}"
2026-09-12T01:06:47.297Z,"{""lat"":-37.634753943646075,""lon"":145.06519836138943}"
2026-09-12T01:06:48.298Z,"{""lat"":-37.634753943646075,""lon"":145.06519836138943}"
2026-09-12T01:06:48.3Z,"{""lat"":-37.634753943646075,""lon"":145.06519836138943}"
2026-09-12T01:06:49.298Z,"{""lat"":-37.634753943646075,""lon"":145.06519836138943}"
2026-09-12T01:06:49.3Z,"{""lat"":-37.634753943646075,""lon"":145.06519836138943}"
2026-09-12T01:06:50.31Z,"{""lat"":-37.634753943646075,""lon"":145.06519836138943}"
2026-09-12T01:06:50.312Z,"{""lat"":-37.634753943646075,""lon"":145.06519836138943}"
2026-09-12T01:06:51.308Z,"{""lat"":-37.634753943646075,""lon"":145.06519836138943}"
2026-09-12T01:06:51.31Z,"{""lat"":-37.634753943646075,""lon"":145.06519836138943}"
2026-09-12T01:06:52.309Z,"{""lat"":-37.634753943646075,""lon"":145.06519836138943}"
2026-09-12T01:06:52.311Z,"{""lat"":-37.634753943646075,""lon"":145.06519836138943}"
2026-09-12T01:06:53.318Z,"{""lat"":-37.634753943646075,""lon"":145.06519836138943}"
2026-09-12T01:06:53.32Z,"{""lat"":-37.634753943646075,""lon"":145.06519836138943}"
2026-09-12T01:06:54.319Z,"{""lat"":-37.634753943646075,""lon"":145.06519836138943}"
2026-09-12T01:06:54.321Z,"{""lat"":-37.634753943646075,""lon"":145.06519836138943}"
2026-09-12T01:06:55.331Z,"{""lat"":-37.634753943646075,""lon"":145.06519836138943}"
2026-09-12T01:06:55.333Z,"{""lat"":-37.634753943646075,""lon"":145.06519836138943}"
2026-09-12T01:06:56.33Z,"{""lat"":-37.634753943646075,""lon"":145.06519836138943}"
2026-09-12T01:06:56.331Z,"{""lat"":-37.634753943646075,""lon"":145.06519836138943}"
2026-09-12T01:06:57.344Z,"{""lat"":-37.634753943646075,""lon"":145.06519836138943}"
2026-09-12T01:06:57.347Z,"{""lat"":-37.634753943646075,""lon"":145.06519836138943}"
2026-09-12T01:06:58.341Z,"{""lat"":-37.634753943646075,""lon"":145.06519836138943}"
2026-09-12T01:06:58.345Z,"{""lat"":-37.634753943646075,""lon"":145.06519836138943}"
2026-09-12T01:06:59.34Z,"{""lat"":-37.634753943646075,""lon"":145.06519836138943}"
2026-09-12T01:06:59.342Z,"{""lat"":-37.634753943646075,""lon"":145.06519836138943}"
2026-09-12T01:07:00.35Z,"{""lat"":-37.634753943646075,""lon"":145.06519836138943}"
2026-09-12T01:07:00.351Z,"{""lat"":-37.634753943646075,""lon"":145.06519836138943}"
2026-09-12T01:07:01.351Z,"{""lat"":-37.634753943646075,""lon"":145.06519836138943}"
2026-09-12T01:07:01.352Z,"{""lat"":-37.634753943646075,""lon"":145.06519836138943}"
2026-09-12T01:07:02.361Z,"{""lat"":-37.634753943646075,""lon"":145.06519836138943}"
2026-09-12T01:07:02.366Z,"{""lat"":-37.634753943646075,""lon"":145.06519836138943}"
2026-09-12T01:07:03.362Z,"{""lat"":-37.634753943646075,""lon"":145.06519836138943}"
2026-09-12T01:07:03.363Z,"{""lat"":-37.634753943646075,""lon"":145.06519836138943}"
2026-09-12T01:07:04.368Z,"{""lat"":-37.634753943646075,""lon"":145.06519836138943}"
2026-09-12T01:07:04.369Z,"{""lat"":-37.634753943646075,""lon"":145.06519836138943}"
2026-09-12T01:07:05.371Z,"{""lat"":-37.634753943646075,""lon"":145.06519836138943}"
2026-09-12T01:07:05.372Z,"{""lat"":-37.634753943646075,""lon"":145.06519836138943}"
2026-09-12T01:07:06.379Z,"{""lat"":-37.634753943646075,""lon"":145.06519836138943}"
2026-09-12T01:07:06.38Z,"{""lat"":-37.634753943646075,""lon"":145.06519836138943}"
2026-09-12T01:07:07.38Z,"{""lat"":-37.634753943646075,""lon"":145.06519836138943}"
2026-09-12T01:07:07.386Z,"{""lat"":-37.634753943646075,""lon"":145.06519836138943}"
2026-09-12T01:07:08.384Z,"{""lat"":-37.634753943646075,""lon"":145.06519836138943}"
2026-09-12T01:07:08.385Z,"{""lat"":-37.634753943646075,""lon"":145.06519836138943}"
2026-09-12T01:07:09.393Z,"{""lat"":-37.634753943646075,""lon"":145.06519836138943}"
2026-09-12T01:07:09.394Z,"{""lat"":-37.634753943646075,""lon"":145.06519836138943}"
2026-09-12T01:07:10.392Z,"{""lat"":-37.634753943646075,""lon"":145.06519836138943}"
2026-09-12T01:07:10.393Z,"{""lat"":-37.634753943646075,""lon"":145.06519836138943}"
2026-09-12T01:07:11.392Z,"{""lat"":-37.634753943646075,""lon"":145.06519836138943}"
2026-09-12T01:07:11.394Z,"{""lat"":-37.634753943646075,""lon"":145.06519836138943}"
2026-09-12T01:07:12.393Z,"{""lat"":-37.634753943646075,""lon"":145.06519836138943}"
2026-09-12T01:07:13.402Z,"{""lat"":-37.634753943646075,""lon"":145.06519836138943}"
2026-09-12T01:07:14.404Z,"{""lat"":-37.634753943646075,""lon"":145.06519836138943}"
2026-09-12T01:07:14.405Z,"{""lat"":-37.634753943646075,""lon"":145.06519836138943}"
2026-09-12T01:07:15.405Z,"{""lat"":-37.634753943646075,""lon"":145.06519836138943}"
2026-09-12T01:07:15.406Z,"{""lat"":-37.634753943646075,""lon"":145.06519836138943}"
2026-09-12T01:07:16.413Z,"{""lat"":-37.634753943646075,""lon"":145.06519836138943}"
2026-09-12T01:07:16.414Z,"{""lat"":-37.634753943646075,""lon"":145.06519836138943}"
2026-09-12T01:07:17.424Z,"{""lat"":-37.634753943646075,""lon"":145.06519836138943}"
2026-09-12T01:07:17.425Z,"{""lat"":-37.634753943646075,""lon"":145.06519836138943}"
2026-09-12T01:07:18.429Z,"{""lat"":-37.634753943646075,""lon"":145.06519836138943}"
2026-09-12T01:07:19.436Z,"{""lat"":-37.634753943646075,""lon"":145.06519836138943}"
2026-09-12T01:07:19.437Z,"{""lat"":-37.634753943646075,""lon"":145.06519836138943}"
2026-09-12T01:07:20.437Z,"{""lat"":-37.634753943646075,""lon"":145.06519836138943}"
2026-09-12T01:07:20.438Z,"{""lat"":-37.634753943646075,""lon"":145.06519836138943}"
2026-09-12T01:07:21.441Z,"{""lat"":-37.634753943646075,""lon"":145.06519836138943}"
2026-09-12T01:07:21.442Z,"{""lat"":-37.634753943646075,""lon"":145.06519836138943}"
2026-09-12T01:07:22.447Z,"{""lat"":-37.634753943646075,""lon"":145.06519836138943}"
2026-09-12T01:07:22.45Z,"{""lat"":-37.634753943646075,""lon"":145.06519836138943}"
2026-09-12T01:07:23.445Z,"{""lat"":-37.634753943646075,""lon"":145.06519836138943}"
2026-09-12T01:07:23.446Z,"{""lat"":-37.634753943646075,""lon"":145.06519836138943}"
2026-09-12T01:07:24.448Z,"{""lat"":-37.634753943646075,""lon"":145.06519836138943}"
2026-09-12T01:07:24.449Z,"{""lat"":-37.634753943646075,""lon"":145.06519836138943}"
2026-09-12T01:07:25.454Z,"{""lat"":-37.634753943646075,""lon"":145.06519836138943}"
2026-09-12T01:07:25.455Z,"{""lat"":-37.634753943646075,""lon"":145.06519836138943}"
2026-09-12T01:07:26.456Z,"{""lat"":-37.634753943646075,""lon"":145.06519836138943}"
2026-09-12T01:07:26.459Z,"{""lat"":-37.634753943646075,""lon"":145.06519836138943}"
2026-09-12T01:07:27.458Z,"{""lat"":-37.634753943646075,""lon"":145.06519836138943}"
2026-09-12T01:07:27.459Z,"{""lat"":-37.634753943646075,""lon"":145.06519836138943}"
2026-09-12T01:07:28.466Z,"{""lat"":-37.634753943646075,""lon"":145.06519836138943}"
2026-09-12T01:07:28.467Z,"{""lat"":-37.634753943646075,""lon"":145.06519836138943}"
2026-09-12T01:07:29.471Z,"{""lat"":-37.634753943646075,""lon"":145.06519836138943}"
2026-09-12T01:07:29.475Z,"{""lat"":-37.634753943646075,""lon"":145.06519836138943}"
2026-09-12T01:07:30.467Z,"{""lat"":-37.634753943646075,""lon"":145.06519836138943}"
2026-09-12T01:07:30.469Z,"{""lat"":-37.634753943646075,""lon"":145.06519836138943}"
2026-09-12T01:07:31.47Z,"{""lat"":-37.634753943646075,""lon"":145.06519836138943}"
2026-09-12T01:07:32.472Z,"{""lat"":-37.634753943646075,""lon"":145.06519836138943}"
2026-09-12T01:07:32.473Z,"{""lat"":-37.634753943646075,""lon"":145.06519836138943}"
2026-09-12T01:07:33.482Z,"{""lat"":-37.634753943646075,""lon"":145.06519836138943}"
2026-09-12T01:07:33.486Z,"{""lat"":-37.634753943646075,""lon"":145.06519836138943}"
2026-09-12T01:07:34.48Z,"{""lat"":-37.634753943646075,""lon"":145.06519836138943}"
2026-09-12T01:07:34.481Z,"{""lat"":-37.634753943646075,""lon"":145.06519836138943}"
2026-09-12T01:07:35.481Z,"{""lat"":-37.634753943646075,""lon"":145.06519836138943}"
2026-09-12T01:07:36.482Z,"{""lat"":-37.634753943646075,""lon"":145.06519836138943}"
2026-09-12T01:07:37.482Z,"{""lat"":-37.634753943646075,""lon"":145.06519836138943}"
2026-09-12T01:07:37.485Z,"{""lat"":-37.634753943646075,""lon"":145.06519836138943}"
2026-09-12T01:07:38.485Z,"{""lat"":-37.634753943646075,""lon"":145.06519836138943}"
2026-09-12T01:07:38.486Z,"{""lat"":-37.634753943646075,""lon"":145.06519836138943}"
2026-09-12T01:07:39.486Z,"{""lat"":-37.634753943646075,""lon"":145.06519836138943}"
2026-09-12T01:07:39.487Z,"{""lat"":-37.634753943646075,""lon"":145.06519836138943}"
2026-09-12T01:07:40.486Z,"{""lat"":-37.634753943646075,""lon"":145.06519836138943}"
2026-09-12T01:07:41.486Z,"{""lat"":-37.634753943646075,""lon"":145.06519836138943}"
2026-09-12T01:07:41.487Z,"{""lat"":-37.634753943646075,""lon"":145.06519836138943}"
2026-09-12T01:07:42.488Z,"{""lat"":-37.634753943646075,""lon"":145.06519836138943}"
2026-09-12T01:07:42.489Z,"{""lat"":-37.634753943646075,""lon"":145.06519836138943}"
2026-09-12T01:07:43.489Z,"{""lat"":-37.634753943646075,""lon"":145.06519836138943}"
2026-09-12T01:07:44.497Z,"{""lat"":-37.634753943646075,""lon"":145.06519836138943}"
2026-09-12T01:07:44.498Z,"{""lat"":-37.634753943646075,""lon"":145.06519836138943}"
2026-09-12T01:07:45.499Z,"{""lat"":-37.634753943646075,""lon"":145.06519836138943}"
2026-09-12T01:07:45.5Z,"{""lat"":-37.634753943646075,""lon"":145.06519836138943}"
2026-09-12T01:07:46.499Z,"{""lat"":-37.634753943646075,""lon"":145.06519836138943}"
2026-09-12T01:07:46.5Z,"{""lat"":-37.634753943646075,""lon"":145.06519836138943}"
2026-09-12T01:07:47.502Z,"{""lat"":-37.634753943646075,""lon"":145.06519836138943}"
2026-09-12T01:07:47.503Z,"{""lat"":-37.634753943646075,""lon"":145.06519836138943}"
2026-09-12T01:07:48.505Z,"{""lat"":-37.634753943646075,""lon"":145.06519836138943}"
2026-09-12T01:07:48.509Z,"{""lat"":-37.634753943646075,""lon"":145.06519836138943}"
2026-09-12T01:07:49.51Z,"{""lat"":-37.634753943646075,""lon"":145.06519836138943}"
2026-09-12T01:07:49.511Z,"{""lat"":-37.634753943646075,""lon"":145.06519836138943}"
2026-09-12T01:07:50.516Z,"{""lat"":-37.634753943646075,""lon"":145.06519836138943}"
2026-09-12T01:07:50.517Z,"{""lat"":-37.634753943646075,""lon"":145.06519836138943}"
2026-09-12T01:07:51.519Z,"{""lat"":-37.634753943646075,""lon"":145.06519836138943}"
2026-09-12T01:07:51.522Z,"{""lat"":-37.634753943646075,""lon"":145.06519836138943}"
2026-09-12T01:07:52.517Z,"{""lat"":-37.634753943646075,""lon"":145.06519836138943}"
2026-09-12T01:07:52.52Z,"{""lat"":-37.634753943646075,""lon"":145.06519836138943}"
2026-09-12T01:07:53.515Z,"{""lat"":-37.634753943646075,""lon"":145.06519836138943}"
2026-09-12T01:07:53.517Z,"{""lat"":-37.634753943646075,""lon"":145.06519836138943}"
2026-09-12T01:07:54.518Z,"{""lat"":-37.634753943646075,""lon"":145.06519836138943}"
2026-09-12T01:07:54.521Z,"{""lat"":-37.634753943646075,""lon"":145.06519836138943}"
2026-09-12T01:07:55.525Z,"{""lat"":-37.634753943646075,""lon"":145.06519836138943}"
2026-09-12T01:07:55.529Z,"{""lat"":-37.634753943646075,""lon"":145.06519836138943}"
2026-09-12T01:07:56.526Z,"{""lat"":-37.634753943646075,""lon"":145.06519836138943}"
2026-09-12T01:07:56.528Z,"{""lat"":-37.634753943646075,""lon"":145.06519836138943}"
2026-09-12T01:07:57.533Z,"{""lat"":-37.634753943646075,""lon"":145.06519836138943}"
2026-09-12T01:07:57.535Z,"{""lat"":-37.634753943646075,""lon"":145.06519836138943}"
2026-09-12T01:07:58.531Z,"{""lat"":-37.634753943646075,""lon"":145.06519836138943}"
2026-09-12T01:07:58.533Z,"{""lat"":-37.634753943646075,""lon"":145.06519836138943}"
2026-09-12T01:07:59.53Z,"{""lat"":-37.634753943646075,""lon"":145.06519836138943}"
2026-09-12T01:07:59.534Z,"{""lat"":-37.634753943646075,""lon"":145.06519836138943}"
2026-09-12T01:08:00.53Z,"{""lat"":-37.634753943646075,""lon"":145.06519836138943}"
2026-09-12T01:08:00.533Z,"{""lat"":-37.634753943646075,""lon"":145.06519836138943}"
2026-09-12T01:08:01.531Z,"{""lat"":-37.634753943646075,""lon"":145.06519836138943}"
2026-09-12T01:08:01.532Z,"{""lat"":-37.634753943646075,""lon"":145.06519836138943}"
2026-09-12T01:08:02.54Z,"{""lat"":-37.634753943646075,""lon"":145.06519836138943}"
2026-09-12T01:08:02.541Z,"{""lat"":-37.634753943646075,""lon"":145.06519836138943}"
2026-09-12T01:08:03.541Z,"{""lat"":-37.634753943646075,""lon"":145.06519836138943}"
2026-09-12T01:08:03.544Z,"{""lat"":-37.634753943646075,""lon"":145.06519836138943}"
2026-09-12T01:08:04.541Z,"{""lat"":-37.634753943646075,""lon"":145.06519836138943}"
2026-09-12T01:08:04.542Z,"{""lat"":-37.634753943646075,""lon"":145.06519836138943}"
2026-09-12T01:08:05.542Z,"{""lat"":-37.634753943646075,""lon"":145.06519836138943}"
2026-09-12T01:08:05.543Z,"{""lat"":-37.634753943646075,""lon"":145.06519836138943}"
2026-09-12T01:08:06.543Z,"{""lat"":-37.634753943646075,""lon"":145.06519836138943}"
2026-09-12T01:08:06.544Z,"{""lat"":-37.634753943646075,""lon"":145.06519836138943}"
2026-09-12T01:08:07.544Z,"{""lat"":-37.634753943646075,""lon"":145.06519836138943}"
2026-09-12T01:08:07.545Z,"{""lat"":-37.634753943646075,""lon"":145.06519836138943}"
2026-09-12T01:08:08.545Z,"{""lat"":-37.634753943646075,""lon"":145.06519836138943}"
2026-09-12T01:08:08.546Z,"{""lat"":-37.634753943646075,""lon"":145.06519836138943}"
2026-09-12T01:08:09.549Z,"{""lat"":-37.634753943646075,""lon"":145.06519836138943}"
2026-09-12T01:08:10.548Z,"{""lat"":-37.634753943646075,""lon"":145.06519836138943}"
2026-09-12T01:08:11.548Z,"{""lat"":-37.634753943646075,""lon"":145.06519836138943}"
2026-09-12T01:08:11.55Z,"{""lat"":-37.634753943646075,""lon"":145.06519836138943}"
2026-09-12T01:08:12.55Z,"{""lat"":-37.634753943646075,""lon"":145.06519836138943}"
2026-09-12T01:08:12.551Z,"{""lat"":-37.634753943646075,""lon"":145.06519836138943}"
2026-09-12T01:08:13.55Z,"{""lat"":-37.634753943646075,""lon"":145.06519836138943}"
2026-09-12T01:08:13.551Z,"{""lat"":-37.634753943646075,""lon"":145.06519836138943}"
2026-09-12T01:08:14.558Z,"{""lat"":-37.634753943646075,""lon"":145.06519836138943}"
2026-09-12T01:08:14.56Z,"{""lat"":-37.634753943646075,""lon"":145.06519836138943}"
2026-09-12T01:08:15.552Z,"{""lat"":-37.634753943646075,""lon"":145.06519836138943}"
2026-09-12T01:08:15.554Z,"{""lat"":-37.634753943646075,""lon"":145.06519836138943}"
2026-09-12T01:08:16.553Z,"{""lat"":-37.634753943646075,""lon"":145.06519836138943}"
2026-09-12T01:08:16.555Z,"{""lat"":-37.634753943646075,""lon"":145.06519836138943}"
2026-09-12T01:08:17.56Z,"{""lat"":-37.634753943646075,""lon"":145.06519836138943}"
2026-09-12T01:08:17.563Z,"{""lat"":-37.634753943646075,""lon"":145.06519836138943}"
2026-09-12T01:08:18.562Z,"{""lat"":-37.634753943646075,""lon"":145.06519836138943}"
2026-09-12T01:08:18.564Z,"{""lat"":-37.634753943646075,""lon"":145.06519836138943}"
2026-09-12T01:08:19.571Z,"{""lat"":-37.634753943646075,""lon"":145.06519836138943}"
2026-09-12T01:08:19.573Z,"{""lat"":-37.634753943646075,""lon"":145.06519836138943}"
2026-09-12T01:08:20.559Z,"{""lat"":-37.634753943646075,""lon"":145.06519836138943}"
2026-09-12T01:08:20.56Z,"{""lat"":-37.634753943646075,""lon"":145.06519836138943}"
2026-09-12T01:08:21.561Z,"{""lat"":-37.634753943646075,""lon"":145.06519836138943}"
2026-09-12T01:08:21.562Z,"{""lat"":-37.634753943646075,""lon"":145.06519836138943}"
2026-09-12T01:08:22.565Z,"{""lat"":-37.634753943646075,""lon"":145.06519836138943}"
2026-09-12T01:08:22.566Z,"{""lat"":-37.634753943646075,""lon"":145.06519836138943}"
2026-09-12T01:08:23.561Z,"{""lat"":-37.634753943646075,""lon"":145.06519836138943}"
2026-09-12T01:08:23.562Z,"{""lat"":-37.634753943646075,""lon"":145.06519836138943}"
2026-09-12T01:08:24.562Z,"{""lat"":-37.634753943646075,""lon"":145.06519836138943}"
2026-09-12T01:08:24.563Z,"{""lat"":-37.634753943646075,""lon"":145.06519836138943}"
2026-09-12T01:08:25.564Z,"{""lat"":-37.634753943646075,""lon"":145.06519836138943}"
2026-09-12T01:08:25.565Z,"{""lat"":-37.634753943646075,""lon"":145.06519836138943}"
2026-09-12T01:08:26.565Z,"{""lat"":-37.634753943646075,""lon"":145.06519836138943}"
2026-09-12T01:08:26.566Z,"{""lat"":-37.634753943646075,""lon"":145.06519836138943}"
2026-09-12T01:08:27.571Z,"{""lat"":-37.634753943646075,""lon"":145.06519836138943}"
2026-09-12T01:08:27.575Z,"{""lat"":-37.634753943646075,""lon"":145.06519836138943}"
2026-09-12T01:08:28.57Z,"{""lat"":-37.634753943646075,""lon"":145.06519836138943}"
2026-09-12T01:08:28.571Z,"{""lat"":-37.634753943646075,""lon"":145.06519836138943}"
2026-09-12T01:08:29.612Z,"{""lat"":-37.634753943646075,""lon"":145.06519836138943}"
2026-09-12T01:08:29.613Z,"{""lat"":-37.634753943646075,""lon"":145.06519836138943}"
2026-09-12T01:08:30.575Z,"{""lat"":-37.634753943646075,""lon"":145.06519836138943}"
2026-09-12T01:08:30.576Z,"{""lat"":-37.634753943646075,""lon"":145.06519836138943}"
2026-09-12T01:08:31.587Z,"{""lat"":-37.634753943646075,""lon"":145.06519836138943}"
2026-09-12T01:08:31.588Z,"{""lat"":-37.634753943646075,""lon"":145.06519836138943}"
2026-09-12T01:08:32.586Z,"{""lat"":-37.634753943646075,""lon"":145.06519836138943}"
2026-09-12T01:08:32.587Z,"{""lat"":-37.634753943646075,""lon"":145.06519836138943}"
2026-09-12T01:08:33.598Z,"{""lat"":-37.634753943646075,""lon"":145.06519836138943}"
2026-09-12T01:08:33.599Z,"{""lat"":-37.634753943646075,""lon"":145.06519836138943}"
2026-09-12T01:08:34.617Z,"{""lat"":-37.634753943646075,""lon"":145.06519836138943}"
2026-09-12T01:08:34.618Z,"{""lat"":-37.634753943646075,""lon"":145.06519836138943}"
2026-09-12T01:08:35.606Z,"{""lat"":-37.634753943646075,""lon"":145.06519836138943}"
2026-09-12T01:08:35.608Z,"{""lat"":-37.634753943646075,""lon"":145.06519836138943}"
2026-09-12T01:08:36.617Z,"{""lat"":-37.634753943646075,""lon"":145.06519836138943}"
2026-09-12T01:08:36.618Z,"{""lat"":-37.634753943646075,""lon"":145.06519836138943}"
2026-09-12T01:08:37.618Z,"{""lat"":-37.634753943646075,""lon"":145.06519836138943}"
2026-09-12T01:08:37.619Z,"{""lat"":-37.634753943646075,""lon"":145.06519836138943}"
2026-09-12T01:08:38.64Z,"{""lat"":-37.634753943646075,""lon"":145.06519836138943}"
2026-09-12T01:08:38.642Z,"{""lat"":-37.634753943646075,""lon"":145.06519836138943}"
2026-09-12T01:08:39.637Z,"{""lat"":-37.634753943646075,""lon"":145.06519836138943}"
2026-09-12T01:08:39.639Z,"{""lat"":-37.634753943646075,""lon"":145.06519836138943}"
2026-09-12T01:08:40.634Z,"{""lat"":-37.634753943646075,""lon"":145.06519836138943}"
2026-09-12T01:08:40.635Z,"{""lat"":-37.634753943646075,""lon"":145.06519836138943}"
2026-09-12T01:08:41.635Z,"{""lat"":-37.634753943646075,""lon"":145.06519836138943}"
2026-09-12T01:08:41.636Z,"{""lat"":-37.634753943646075,""lon"":145.06519836138943}"
2026-09-12T01:08:42.645Z,"{""lat"":-37.634753943646075,""lon"":145.06519836138943}"
2026-09-12T01:08:42.646Z,"{""lat"":-37.634753943646075,""lon"":145.06519836138943}"
2026-09-12T01:08:43.645Z,"{""lat"":-37.634753943646075,""lon"":145.06519836138943}"
2026-09-12T01:08:43.647Z,"{""lat"":-37.634753943646075,""lon"":145.06519836138943}"
2026-09-12T01:08:44.645Z,"{""lat"":-37.634753943646075,""lon"":145.06519836138943}"
2026-09-12T01:08:44.646Z,"{""lat"":-37.634753943646075,""lon"":145.06519836138943}"
2026-09-12T01:08:45.645Z,"{""lat"":-37.634753943646075,""lon"":145.06519836138943}"
2026-09-12T01:08:45.647Z,"{""lat"":-37.634753943646075,""lon"":145.06519836138943}"
2026-09-12T01:08:46.648Z,"{""lat"":-37.634753943646075,""lon"":145.06519836138943}"
2026-09-12T01:08:46.649Z,"{""lat"":-37.634753943646075,""lon"":145.06519836138943}"
2026-09-12T01:08:47.647Z,"{""lat"":-37.634753943646075,""lon"":145.06519836138943}"
2026-09-12T01:08:47.648Z,"{""lat"":-37.634753943646075,""lon"":145.06519836138943}"
2026-09-12T01:08:48.651Z,"{""lat"":-37.634753943646075,""lon"":145.06519836138943}"
2026-09-12T01:08:48.652Z,"{""lat"":-37.634753943646075,""lon"":145.06519836138943}"
2026-09-12T01:08:49.666Z,"{""lat"":-37.634753943646075,""lon"":145.06519836138943}"
2026-09-12T01:08:49.668Z,"{""lat"":-37.634753943646075,""lon"":145.06519836138943}"
2026-09-12T01:08:50.668Z,"{""lat"":-37.634753943646075,""lon"":145.06519836138943}"
2026-09-12T01:08:50.67Z,"{""lat"":-37.634753943646075,""lon"":145.06519836138943}"
2026-09-12T01:08:51.669Z,"{""lat"":-37.634753943646075,""lon"":145.06519836138943}"
2026-09-12T01:08:51.67Z,"{""lat"":-37.634753943646075,""lon"":145.06519836138943}"
2026-09-12T01:08:52.668Z,"{""lat"":-37.634753943646075,""lon"":145.06519836138943}"
2026-09-12T01:08:52.669Z,"{""lat"":-37.634753943646075,""lon"":145.06519836138943}"
2026-09-12T01:08:53.67Z,"{""lat"":-37.634753943646075,""lon"":145.06519836138943}"
2026-09-12T01:08:53.673Z,"{""lat"":-37.634753943646075,""lon"":145.06519836138943}"
2026-09-12T01:08:54.707Z,"{""lat"":-37.634753943646075,""lon"":145.06519836138943}"
2026-09-12T01:08:55.78Z,"{""lat"":-37.634753943646075,""lon"":145.06519836138943}"
2026-09-12T01:08:55.781Z,"{""lat"":-37.634753943646075,""lon"":145.06519836138943}"
2026-09-12T01:08:56.675Z,"{""lat"":-37.634753943646075,""lon"":145.06519836138943}"
2026-09-12T01:08:57.677Z,"{""lat"":-37.634753943646075,""lon"":145.06519836138943}"
2026-09-12T01:08:57.678Z,"{""lat"":-37.634753943646075,""lon"":145.06519836138943}"
2026-09-12T01:08:58.677Z,"{""lat"":-37.634753943646075,""lon"":145.06519836138943}"
2026-09-12T01:08:58.679Z,"{""lat"":-37.634753943646075,""lon"":145.06519836138943}"
2026-09-12T01:08:59.72Z,"{""lat"":-37.634753943646075,""lon"":145.06519836138943}"
2026-09-12T01:09:00.679Z,"{""lat"":-37.634753943646075,""lon"":145.06519836138943}"
2026-09-12T01:09:01.681Z,"{""lat"":-37.634753943646075,""lon"":145.06519836138943}"
2026-09-12T01:09:02.681Z,"{""lat"":-37.634753943646075,""lon"":145.06519836138943}"
2026-09-12T01:09:03.682Z,"{""lat"":-37.634753943646075,""lon"":145.06519836138943}"
2026-09-12T01:09:03.683Z,"{""lat"":-37.634753943646075,""lon"":145.06519836138943}"
2026-09-12T01:09:04.684Z,"{""lat"":-37.634753943646075,""lon"":145.06519836138943}"
2026-09-12T01:09:04.685Z,"{""lat"":-37.634753943646075,""lon"":145.06519836138943}"
2026-09-12T01:09:05.686Z,"{""lat"":-37.634753943646075,""lon"":145.06519836138943}"
2026-09-12T01:09:05.687Z,"{""lat"":-37.634753943646075,""lon"":145.06519836138943}"
2026-09-12T01:09:06.685Z,"{""lat"":-37.634753943646075,""lon"":145.06519836138943}"
2026-09-12T01:09:06.687Z,"{""lat"":-37.634753943646075,""lon"":145.06519836138943}"
2026-09-12T01:09:07.687Z,"{""lat"":-37.634753943646075,""lon"":145.06519836138943}"
2026-09-12T01:09:07.688Z,"{""lat"":-37.634753943646075,""lon"":145.06519836138943}"
2026-09-12T01:09:08.688Z,"{""lat"":-37.634753943646075,""lon"":145.06519836138943}"
2026-09-12T01:09:08.69Z,"{""lat"":-37.634753943646075,""lon"":145.06519836138943}"
2026-09-12T01:09:09.688Z,"{""lat"":-37.634753943646075,""lon"":145.06519836138943}"
2026-09-12T01:09:09.689Z,"{""lat"":-37.634753943646075,""lon"":145.06519836138943}"
2026-09-12T01:09:10.689Z,"{""lat"":-37.634753943646075,""lon"":145.06519836138943}"
2026-09-12T01:09:10.69Z,"{""lat"":-37.634753943646075,""lon"":145.06519836138943}"
2026-09-12T01:09:11.691Z,"{""lat"":-37.634753943646075,""lon"":145.06519836138943}"
2026-09-12T01:09:11.692Z,"{""lat"":-37.634753943646075,""lon"":145.06519836138943}"
2026-09-12T01:09:12.693Z,"{""lat"":-37.634753943646075,""lon"":145.06519836138943}"
2026-09-12T01:09:13.692Z,"{""lat"":-37.634753943646075,""lon"":145.06519836138943}"
2026-09-12T01:09:13.693Z,"{""lat"":-37.634753943646075,""lon"":145.06519836138943}"
2026-09-12T01:09:14.693Z,"{""lat"":-37.63475220672987,""lon"":145.065193451141}"
2026-09-12T01:09:14.694Z,"{""lat"":-37.63475220672987,""lon"":145.065193451141}"
2026-09-12T01:09:15.702Z,"{""lat"":-37.63475220672987,""lon"":145.065193451141}"
2026-09-12T01:09:15.703Z,"{""lat"":-37.63475220672987,""lon"":145.065193451141}"
2026-09-12T01:09:16.705Z,"{""lat"":-37.63475220672987,""lon"":145.065193451141}"
2026-09-12T01:09:17.709Z,"{""lat"":-37.63475220672987,""lon"":145.065193451141}"
2026-09-12T01:09:17.711Z,"{""lat"":-37.63475220672987,""lon"":145.065193451141}"
2026-09-12T01:09:18.708Z,"{""lat"":-37.63475220672987,""lon"":145.065193451141}"
2026-09-12T01:09:18.709Z,"{""lat"":-37.63475220672987,""lon"":145.065193451141}"
2026-09-12T01:09:19.715Z,"{""lat"":-37.63475564591092,""lon"":145.065190322372}"
2026-09-12T01:09:19.716Z,"{""lat"":-37.63475564591092,""lon"":145.065190322372}"
2026-09-12T01:09:20.73Z,"{""lat"":-37.63475564591092,""lon"":145.065190322372}"
2026-09-12T01:09:20.734Z,"{""lat"":-37.63475564591092,""lon"":145.065190322372}"
2026-09-12T01:09:21.731Z,"{""lat"":-37.63475748216695,""lon"":145.06519032712563}"
2026-09-12T01:09:21.735Z,"{""lat"":-37.63475748216695,""lon"":145.06519032712563}"
